base,ligand,solvent,concentration,temperature,yield,cost
KOAc,BrettPhos,DMAc,0.1,105,5.47,0.1457754819999999
KOAc,PPhtBu2,DMAc,0.1,105,0.0,0.04320091
KOAc,tBPh-CPhos,DMAc,0.1,105,78.95,0.269139791
KOAc,PCy3 HBF4,DMAc,0.1,105,7.26,0.032180612
KOAc,PPh3,DMAc,0.1,105,28.15,0.026372917
KOAc,X-Phos,DMAc,0.1,105,65.37,0.034677571
KOPiv,BrettPhos,DMAc,0.1,105,0.07,0.144665615
KOPiv,PPhtBu2,DMAc,0.1,105,0.0,0.042106611
KOPiv,tBPh-CPhos,DMAc,0.1,105,28.64,0.267900458
KOPiv,PCy3 HBF4,DMAc,0.1,105,10.44,0.03109548
KOPiv,PPh3,DMAc,0.1,105,63.13,0.025379457
KOPiv,X-Phos,DMAc,0.1,105,77.41,0.03361798
CsOAc,BrettPhos,DMAc,0.1,105,4.74,0.191273824
CsOAc,PPhtBu2,DMAc,0.1,105,0.0,0.088701357
CsOAc,tBPh-CPhos,DMAc,0.1,105,29.31,0.314497136
CsOAc,PCy3 HBF4,DMAc,0.1,105,12.83,0.077697116
CsOAc,PPh3,DMAc,0.1,105,62.82,0.07197331
CsOAc,X-Phos,DMAc,0.1,105,87.83,0.080242764
CsOPiv,BrettPhos,DMAc,0.1,105,0.0,0.232133425
CsOPiv,PPhtBu2,DMAc,0.1,105,0.0,0.129574623
CsOPiv,tBPh-CPhos,DMAc,0.1,105,7.62,0.355307874
CsOPiv,PCy3 HBF4,DMAc,0.1,105,8.85,0.118558908
CsOPiv,PPh3,DMAc,0.1,105,52.05,0.112815528
CsOPiv,X-Phos,DMAc,0.1,105,29.16,0.120946897
KOAc,BrettPhos,BuCN,0.1,105,18.44,0.163723596
KOAc,PPhtBu2,BuCN,0.1,105,0.0,0.061023208
KOAc,tBPh-CPhos,BuCN,0.1,105,6.17,0.286781867
KOAc,PCy3 HBF4,BuCN,0.1,105,0.0,0.049981981
KOAc,PPh3,BuCN,0.1,105,6.24,0.044161977
KOAc,X-Phos,BuCN,0.1,105,47.3,0.052674599
KOPiv,BrettPhos,BuCN,0.1,105,56.05,0.162918073
KOPiv,PPhtBu2,BuCN,0.1,105,0.0,0.059928908
KOPiv,tBPh-CPhos,BuCN,0.1,105,6.39,0.285689257
KOPiv,PCy3 HBF4,BuCN,0.1,105,0.35,0.048890369
KOPiv,PPh3,BuCN,0.1,105,4.28,0.043052628
KOPiv,X-Phos,BuCN,0.1,105,56.14,0.051648175
CsOAc,BrettPhos,BuCN,0.1,105,64.48,0.209577546
CsOAc,PPhtBu2,BuCN,0.1,105,0.0,0.106523654
CsOAc,tBPh-CPhos,BuCN,0.1,105,5.88,0.332280087
CsOAc,PCy3 HBF4,BuCN,0.1,105,0.57,0.095486804
CsOAc,PPh3,BuCN,0.1,105,3.21,0.089639158
CsOAc,X-Phos,BuCN,0.1,105,83.83,0.09845553
CsOPiv,BrettPhos,BuCN,0.1,105,55.41,0.250381171
CsOPiv,PPhtBu2,BuCN,0.1,105,0.0,0.14739692
CsOPiv,tBPh-CPhos,BuCN,0.1,105,5.41,0.373149744
CsOPiv,PCy3 HBF4,BuCN,0.1,105,0.33,0.136358227
CsOPiv,PPh3,BuCN,0.1,105,3.44,0.13051419
CsOPiv,X-Phos,BuCN,0.1,105,68.53,0.139211319
KOAc,BrettPhos,BuOAc,0.1,105,17.09,0.157572457
KOAc,PPhtBu2,BuOAc,0.1,105,0.0,0.05491753
KOAc,tBPh-CPhos,BuOAc,0.1,105,0.0,0.280628815
KOAc,PCy3 HBF4,BuOAc,0.1,105,0.0,0.043876303
KOAc,PPh3,BuOAc,0.1,105,3.41,0.038027567
KOAc,X-Phos,BuOAc,0.1,105,64.62,0.046569203
KOPiv,BrettPhos,BuOAc,0.1,105,49.22,0.156658874
KOPiv,PPhtBu2,BuOAc,0.1,105,0.0,0.05382323
KOPiv,tBPh-CPhos,BuOAc,0.1,105,22.75,0.279662474
KOPiv,PCy3 HBF4,BuOAc,0.1,105,0.0,0.042782003
KOPiv,PPh3,BuOAc,0.1,105,1.92,0.036924887
KOPiv,X-Phos,BuOAc,0.1,105,48.25,0.045382829
CsOAc,BrettPhos,BuOAc,0.1,105,26.64,0.203126617
CsOAc,PPhtBu2,BuOAc,0.1,105,0.0,0.100417976
CsOAc,tBPh-CPhos,BuOAc,0.1,105,0.0,0.326129261
CsOAc,PCy3 HBF4,BuOAc,0.1,105,0.0,0.089376749
CsOAc,PPh3,BuOAc,0.1,105,4.22,0.083532569
CsOAc,X-Phos,BuOAc,0.1,105,86.43,0.092192321
CsOPiv,BrettPhos,BuOAc,0.1,105,27.48,0.244004608
CsOPiv,PPhtBu2,BuOAc,0.1,105,0.0,0.1412912419999999
CsOPiv,tBPh-CPhos,BuOAc,0.1,105,15.16,0.367087796
CsOPiv,PCy3 HBF4,BuOAc,0.1,105,0.0,0.130250015
CsOPiv,PPh3,BuOAc,0.1,105,0.91,0.124387218
CsOPiv,X-Phos,BuOAc,0.1,105,59.92,0.13291648
KOAc,BrettPhos,p-Xylene,0.1,105,16.44,0.148146224
KOAc,PPhtBu2,p-Xylene,0.1,105,0.0,0.045527419
KOAc,tBPh-CPhos,p-Xylene,0.1,105,6.39,0.271262026
KOAc,PCy3 HBF4,p-Xylene,0.1,105,0.0,0.034486192
KOAc,PPh3,p-Xylene,0.1,105,2.06,0.028625795
KOAc,X-Phos,p-Xylene,0.1,105,43.76,0.036975345
KOPiv,BrettPhos,p-Xylene,0.1,105,29.17,0.147098385
KOPiv,PPhtBu2,p-Xylene,0.1,105,0.0,0.04443312
KOPiv,tBPh-CPhos,p-Xylene,0.1,105,14.92,0.270198859
KOPiv,PCy3 HBF4,p-Xylene,0.1,105,0.0,0.033391893
KOPiv,PPh3,p-Xylene,0.1,105,1.41,0.027529123
KOPiv,X-Phos,p-Xylene,0.1,105,35.07,0.035849329
CsOAc,BrettPhos,p-Xylene,0.1,105,40.03,0.193732767
CsOAc,PPhtBu2,p-Xylene,0.1,105,0.0,0.091027866
CsOAc,tBPh-CPhos,p-Xylene,0.1,105,19.51,0.316810357
CsOAc,PCy3 HBF4,p-Xylene,0.1,105,0.55,0.079988646
CsOAc,PPh3,p-Xylene,0.1,105,10.5,0.074157045
CsOAc,X-Phos,p-Xylene,0.1,105,67.17,0.082561232
CsOPiv,BrettPhos,p-Xylene,0.1,105,21.54,0.23453855
CsOPiv,PPhtBu2,p-Xylene,0.1,105,0.0,0.131901132
CsOPiv,tBPh-CPhos,p-Xylene,0.1,105,28.65,0.357716982
CsOPiv,PCy3 HBF4,p-Xylene,0.1,105,0.0,0.120859905
CsOPiv,PPh3,p-Xylene,0.1,105,0.66,0.114994397
CsOPiv,X-Phos,p-Xylene,0.1,105,53.63,0.12338508
KOAc,BrettPhos,DMAc,0.1,90,5.22,0.145774761
KOAc,PPhtBu2,DMAc,0.1,90,0.0,0.04320091
KOAc,tBPh-CPhos,DMAc,0.1,90,47.03,0.269047772
KOAc,PCy3 HBF4,DMAc,0.1,90,1.71,0.0321646129999999
KOAc,PPh3,DMAc,0.1,90,14.29,0.026332962
KOAc,X-Phos,DMAc,0.1,90,38.03,0.034598755
KOPiv,BrettPhos,DMAc,0.1,90,0.0,0.144665413
KOPiv,PPhtBu2,DMAc,0.1,90,0.0,0.042106611
KOPiv,tBPh-CPhos,DMAc,0.1,90,10.12,0.267847069
KOPiv,PCy3 HBF4,DMAc,0.1,90,3.01,0.031074061
KOPiv,PPh3,DMAc,0.1,90,38.78,0.025309262
KOPiv,X-Phos,DMAc,0.1,90,55.17,0.033553867
CsOAc,BrettPhos,DMAc,0.1,90,4.23,0.191272353
CsOAc,PPhtBu2,DMAc,0.1,90,0.0,0.088701357
CsOAc,tBPh-CPhos,DMAc,0.1,90,17.74,0.314463782
CsOAc,PCy3 HBF4,DMAc,0.1,90,4.02,0.077671718
CsOAc,PPh3,DMAc,0.1,90,32.36,0.0718855
CsOAc,X-Phos,DMAc,0.1,90,84.17,0.080232213
CsOPiv,BrettPhos,DMAc,0.1,90,0.0,0.232133425
CsOPiv,PPhtBu2,DMAc,0.1,90,0.0,0.129574623
CsOPiv,tBPh-CPhos,DMAc,0.1,90,4.77,0.355299658
CsOPiv,PCy3 HBF4,DMAc,0.1,90,3.69,0.118544033
CsOPiv,PPh3,DMAc,0.1,90,33.59,0.112762312
CsOPiv,X-Phos,DMAc,0.1,90,22.94,0.120928967
KOAc,BrettPhos,BuCN,0.1,90,9.66,0.1636561819999999
KOAc,PPhtBu2,BuCN,0.1,90,0.0,0.061023208
KOAc,tBPh-CPhos,BuCN,0.1,90,4.61,0.286769889
KOAc,PCy3 HBF4,BuCN,0.1,90,0.0,0.049981981
KOAc,PPh3,BuCN,0.1,90,2.83,0.044135794
KOAc,X-Phos,BuCN,0.1,90,26.5,0.052514893
KOPiv,BrettPhos,BuCN,0.1,90,39.5,0.162790999
KOPiv,PPhtBu2,BuCN,0.1,90,0.95,0.059936203
KOPiv,tBPh-CPhos,BuCN,0.1,90,6.69,0.28569156
KOPiv,PCy3 HBF4,BuCN,0.1,90,0.0,0.048887681
KOPiv,PPh3,BuCN,0.1,90,2.48,0.043038807
KOPiv,X-Phos,BuCN,0.1,90,45.95,0.051569934
CsOAc,BrettPhos,BuCN,0.1,90,48.21,0.209452622
CsOAc,PPhtBu2,BuCN,0.1,90,0.0,0.106523654
CsOAc,tBPh-CPhos,BuCN,0.1,90,6.27,0.332283081
CsOAc,PCy3 HBF4,BuCN,0.1,90,0.0,0.095482427
CsOAc,PPh3,BuCN,0.1,90,5.8,0.089659045
CsOAc,X-Phos,BuCN,0.1,90,86.37,0.098475032
CsOPiv,BrettPhos,BuCN,0.1,90,48.64,0.25032919
CsOPiv,PPhtBu2,BuCN,0.1,90,0.0,0.14739692
CsOPiv,tBPh-CPhos,BuCN,0.1,90,5.29,0.373148823
CsOPiv,PCy3 HBF4,BuCN,0.1,90,0.0,0.136355693
CsOPiv,PPh3,BuCN,0.1,90,1.9,0.130502366
CsOPiv,X-Phos,BuCN,0.1,90,69.11,0.139215773
KOAc,BrettPhos,BuOAc,0.1,90,20.73,0.15759293
KOAc,PPhtBu2,BuOAc,0.1,90,0.0,0.05491753
KOAc,tBPh-CPhos,BuOAc,0.1,90,0.0,0.280628815
KOAc,PCy3 HBF4,BuOAc,0.1,90,0.0,0.043876303
KOAc,PPh3,BuOAc,0.1,90,1.19,0.03801508
KOAc,X-Phos,BuOAc,0.1,90,28.11,0.04636385
KOPiv,BrettPhos,BuOAc,0.1,90,30.95,0.156556113
KOPiv,PPhtBu2,BuOAc,0.1,90,0.0,0.05382323
KOPiv,tBPh-CPhos,BuOAc,0.1,90,0.0,0.279534515
KOPiv,PCy3 HBF4,BuOAc,0.1,90,0.0,0.042782003
KOPiv,PPh3,BuOAc,0.1,90,0.65,0.036917743
KOPiv,X-Phos,BuOAc,0.1,90,42.3,0.045349363
CsOAc,BrettPhos,BuOAc,0.1,90,29.21,0.203141073
CsOAc,PPhtBu2,BuOAc,0.1,90,0.0,0.100417976
CsOAc,tBPh-CPhos,BuOAc,0.1,90,0.0,0.326129261
CsOAc,PCy3 HBF4,BuOAc,0.1,90,0.0,0.089376749
CsOAc,PPh3,BuOAc,0.1,90,1.9,0.08351952
CsOAc,X-Phos,BuOAc,0.1,90,85.24,0.092185628
CsOPiv,BrettPhos,BuOAc,0.1,90,23.75,0.243983628
CsOPiv,PPhtBu2,BuOAc,0.1,90,0.0,0.1412912419999999
CsOPiv,tBPh-CPhos,BuOAc,0.1,90,0.0,0.367002527
CsOPiv,PCy3 HBF4,BuOAc,0.1,90,0.0,0.130250015
CsOPiv,PPh3,BuOAc,0.1,90,0.26,0.124383562
CsOPiv,X-Phos,BuOAc,0.1,90,3.0,0.132596329
KOAc,BrettPhos,p-Xylene,0.1,90,17.92,0.148151625
KOAc,PPhtBu2,p-Xylene,0.1,90,0.0,0.045527419
KOAc,tBPh-CPhos,p-Xylene,0.1,90,7.34,0.271265493
KOAc,PCy3 HBF4,p-Xylene,0.1,90,0.0,0.034486192
KOAc,PPh3,p-Xylene,0.1,90,0.55,0.028620284
KOAc,X-Phos,p-Xylene,0.1,90,25.5,0.036908701
KOPiv,BrettPhos,p-Xylene,0.1,90,38.12,0.14713105
KOPiv,PPhtBu2,p-Xylene,0.1,90,0.0,0.04443312
KOPiv,tBPh-CPhos,p-Xylene,0.1,90,23.22,0.270229152
KOPiv,PCy3 HBF4,p-Xylene,0.1,90,0.0,0.033391893
KOPiv,PPh3,p-Xylene,0.1,90,0.32,0.027525144
KOPiv,X-Phos,p-Xylene,0.1,90,26.33,0.03581743
CsOAc,BrettPhos,p-Xylene,0.1,90,42.45,0.1937416
CsOAc,PPhtBu2,p-Xylene,0.1,90,0.0,0.091027866
CsOAc,tBPh-CPhos,p-Xylene,0.1,90,20.04,0.316812291
CsOAc,PCy3 HBF4,p-Xylene,0.1,90,0.0,0.079986639
CsOAc,PPh3,p-Xylene,0.1,90,5.91,0.074140292
CsOAc,X-Phos,p-Xylene,0.1,90,59.27,0.082532399
CsOPiv,BrettPhos,p-Xylene,0.1,90,19.39,0.234530703
CsOPiv,PPhtBu2,p-Xylene,0.1,90,0.0,0.131901132
CsOPiv,tBPh-CPhos,p-Xylene,0.1,90,31.97,0.357729099
CsOPiv,PCy3 HBF4,p-Xylene,0.1,90,0.0,0.120859905
CsOPiv,PPh3,p-Xylene,0.1,90,0.0,0.114991988
CsOPiv,X-Phos,p-Xylene,0.1,90,36.98,0.123324312
KOAc,BrettPhos,DMAc,0.1,120,5.03,0.145774213
KOAc,PPhtBu2,DMAc,0.1,120,7.71,0.043223137
KOAc,tBPh-CPhos,DMAc,0.1,120,82.09,0.269148843
KOAc,PCy3 HBF4,DMAc,0.1,120,24.56,0.032230484
KOAc,PPh3,DMAc,0.1,120,74.04,0.026505208
KOAc,X-Phos,DMAc,0.1,120,88.41,0.03474399
KOPiv,BrettPhos,DMAc,0.1,120,0.26,0.144666163
KOPiv,PPhtBu2,DMAc,0.1,120,28.53,0.042188856
KOPiv,tBPh-CPhos,DMAc,0.1,120,68.33,0.268014876
KOPiv,PCy3 HBF4,DMAc,0.1,120,47.58,0.031202546
KOPiv,PPh3,DMAc,0.1,120,86.46,0.025446713
KOPiv,X-Phos,DMAc,0.1,120,80.61,0.033627204
CsOAc,BrettPhos,DMAc,0.1,120,4.08,0.191271921
CsOAc,PPhtBu2,DMAc,0.1,120,12.35,0.088736959
CsOAc,tBPh-CPhos,DMAc,0.1,120,62.6,0.314593104
CsOAc,PCy3 HBF4,DMAc,0.1,120,44.53,0.0777885
CsOAc,PPh3,DMAc,0.1,120,87.32,0.072043938
CsOAc,X-Phos,DMAc,0.1,120,84.81,0.080234058
CsOPiv,BrettPhos,DMAc,0.1,120,0.0,0.232133425
CsOPiv,PPhtBu2,DMAc,0.1,120,1.31,0.129578399
CsOPiv,tBPh-CPhos,DMAc,0.1,120,17.43,0.355336154
CsOPiv,PCy3 HBF4,DMAc,0.1,120,27.93,0.118613912
CsOPiv,PPh3,DMAc,0.1,120,76.33,0.112885522
CsOPiv,X-Phos,DMAc,0.1,120,48.15,0.121001641
KOAc,BrettPhos,BuCN,0.1,120,29.25,0.163806598
KOAc,PPhtBu2,BuCN,0.1,120,0.0,0.061023208
KOAc,tBPh-CPhos,BuCN,0.1,120,8.4,0.28679899
KOAc,PCy3 HBF4,BuCN,0.1,120,1.96,0.04999703
KOAc,PPh3,BuCN,0.1,120,12.65,0.044211194
KOAc,X-Phos,BuCN,0.1,120,56.57,0.052745776
KOPiv,BrettPhos,BuCN,0.1,120,50.79,0.162877686
KOPiv,PPhtBu2,BuCN,0.1,120,0.0,0.059928908
KOPiv,tBPh-CPhos,BuCN,0.1,120,6.44,0.285689641
KOPiv,PCy3 HBF4,BuCN,0.1,120,3.28,0.048912866
KOPiv,PPh3,BuCN,0.1,120,9.59,0.043093399
KOPiv,X-Phos,BuCN,0.1,120,50.93,0.051608171
CsOAc,BrettPhos,BuCN,0.1,120,69.13,0.20961325
CsOAc,PPhtBu2,BuCN,0.1,120,0.0,0.106523654
CsOAc,tBPh-CPhos,BuCN,0.1,120,7.69,0.332293985
CsOAc,PCy3 HBF4,BuCN,0.1,120,3.8,0.095511604
CsOAc,PPh3,BuCN,0.1,120,13.09,0.089715019
CsOAc,X-Phos,BuCN,0.1,120,84.17,0.09845814
CsOPiv,BrettPhos,BuCN,0.1,120,46.53,0.250312989
CsOPiv,PPhtBu2,BuCN,0.1,120,0.0,0.14739692
CsOPiv,tBPh-CPhos,BuCN,0.1,120,5.3,0.3731489
CsOPiv,PCy3 HBF4,BuCN,0.1,120,3.1,0.136379496
CsOPiv,PPh3,BuCN,0.1,120,7.36,0.130544289
CsOPiv,X-Phos,BuCN,0.1,120,59.81,0.139144366
KOAc,BrettPhos,BuOAc,0.1,120,25.86,0.157621784
KOAc,PPhtBu2,BuOAc,0.1,120,0.0,0.05491753
KOAc,tBPh-CPhos,BuOAc,0.1,120,0.0,0.280628815
KOAc,PCy3 HBF4,BuOAc,0.1,120,0.0,0.043876303
KOAc,PPh3,BuOAc,0.1,120,7.89,0.038052765
KOAc,X-Phos,BuOAc,0.1,120,73.71,0.04662033
KOPiv,BrettPhos,BuOAc,0.1,120,43.18,0.1566249019999999
KOPiv,PPhtBu2,BuOAc,0.1,120,0.0,0.05382323
KOPiv,tBPh-CPhos,BuOAc,0.1,120,0.0,0.279534515
KOPiv,PCy3 HBF4,BuOAc,0.1,120,0.0,0.042782003
KOPiv,PPh3,BuOAc,0.1,120,4.23,0.036937879
KOPiv,X-Phos,BuOAc,0.1,120,66.49,0.045485421
CsOAc,BrettPhos,BuOAc,0.1,120,35.91,0.203178757
CsOAc,PPhtBu2,BuOAc,0.1,120,0.0,0.100417976
CsOAc,tBPh-CPhos,BuOAc,0.1,120,0.0,0.326129261
CsOAc,PCy3 HBF4,BuOAc,0.1,120,0.03,0.089376918
CsOAc,PPh3,BuOAc,0.1,120,4.94,0.083536619
CsOAc,X-Phos,BuOAc,0.1,120,2.79,0.091721882
CsOPiv,BrettPhos,BuOAc,0.1,120,51.99,0.244142466
CsOPiv,PPhtBu2,BuOAc,0.1,120,0.0,0.1412912419999999
CsOPiv,tBPh-CPhos,BuOAc,0.1,120,19.42,0.367111757
CsOPiv,PCy3 HBF4,BuOAc,0.1,120,1.37,0.130257721
CsOPiv,PPh3,BuOAc,0.1,120,2.49,0.124396105
CsOPiv,X-Phos,BuOAc,0.1,120,52.22,0.13287317
KOAc,BrettPhos,p-Xylene,0.1,120,18.55,0.148153925
KOAc,PPhtBu2,p-Xylene,0.1,120,0.0,0.045527419
KOAc,tBPh-CPhos,p-Xylene,0.1,120,5.69,0.271259471
KOAc,PCy3 HBF4,p-Xylene,0.1,120,0.0,0.034486192
KOAc,PPh3,p-Xylene,0.1,120,5.94,0.028639956
KOAc,X-Phos,p-Xylene,0.1,120,67.04,0.037060311
KOPiv,BrettPhos,p-Xylene,0.1,120,37.36,0.147128277
KOPiv,PPhtBu2,p-Xylene,0.1,120,0.0,0.04443312
KOPiv,tBPh-CPhos,p-Xylene,0.1,120,20.87,0.270220575
KOPiv,PCy3 HBF4,p-Xylene,0.1,120,0.0,0.033391893
KOPiv,PPh3,p-Xylene,0.1,120,4.48,0.027540327
KOPiv,X-Phos,p-Xylene,0.1,120,44.74,0.035884622
CsOAc,BrettPhos,p-Xylene,0.1,120,28.93,0.193692255
CsOAc,PPhtBu2,p-Xylene,0.1,120,0.0,0.091027866
CsOAc,tBPh-CPhos,p-Xylene,0.1,120,16.09,0.316797875
CsOAc,PCy3 HBF4,p-Xylene,0.1,120,2.98,0.079997515
CsOAc,PPh3,p-Xylene,0.1,120,16.64,0.074179454
CsOAc,X-Phos,p-Xylene,0.1,120,67.17,0.082561232
CsOPiv,BrettPhos,p-Xylene,0.1,120,25.35,0.234552455
CsOPiv,PPhtBu2,p-Xylene,0.1,120,0.0,0.131901132
CsOPiv,tBPh-CPhos,p-Xylene,0.1,120,23.77,0.357699171
CsOPiv,PCy3 HBF4,p-Xylene,0.1,120,0.69,0.120862423
CsOPiv,PPh3,p-Xylene,0.1,120,2.69,0.115001806
CsOPiv,X-Phos,p-Xylene,0.1,120,55.8,0.123393
KOAc,BrettPhos,DMAc,0.057,90,3.6,0.155897722
KOAc,PPhtBu2,DMAc,0.057,90,0.0,0.053328542
KOAc,tBPh-CPhos,DMAc,0.057,90,57.27,0.279204924
KOAc,PCy3 HBF4,DMAc,0.057,90,3.4,0.042297116
KOAc,PPh3,DMAc,0.057,90,19.55,0.036475757
KOAc,X-Phos,DMAc,0.057,90,43.2,0.044741291
KOPiv,BrettPhos,DMAc,0.057,90,0.0,0.154793045
KOPiv,PPhtBu2,DMAc,0.057,90,0.0,0.052234242
KOPiv,tBPh-CPhos,DMAc,0.057,90,12.23,0.277980784
KOPiv,PCy3 HBF4,DMAc,0.057,90,5.85,0.041209879
KOPiv,PPh3,DMAc,0.057,90,46.46,0.035459033
KOPiv,X-Phos,DMAc,0.057,90,52.77,0.043674579
CsOAc,BrettPhos,DMAc,0.057,90,1.96,0.201393441
CsOAc,PPhtBu2,DMAc,0.057,90,0.0,0.098828988
CsOAc,tBPh-CPhos,DMAc,0.057,90,31.18,0.324630158
CsOAc,PCy3 HBF4,DMAc,0.057,90,8.04,0.087810939
CsOAc,PPh3,DMAc,0.057,90,36.96,0.082026393
CsOAc,X-Phos,DMAc,0.057,90,79.33,0.090345892
CsOPiv,BrettPhos,DMAc,0.057,90,0.0,0.242261057
CsOPiv,PPhtBu2,DMAc,0.057,90,0.0,0.139702254
CsOPiv,tBPh-CPhos,DMAc,0.057,90,5.29,0.365428789
CsOPiv,PCy3 HBF4,DMAc,0.057,90,6.38,0.128679419
CsOPiv,PPh3,DMAc,0.057,90,44.96,0.122922721
CsOPiv,X-Phos,DMAc,0.057,90,23.71,0.131058818
KOAc,BrettPhos,BuCN,0.057,90,6.26,0.186487971
KOAc,PPhtBu2,BuCN,0.057,90,0.0,0.083881103
KOAc,tBPh-CPhos,BuCN,0.057,90,5.62,0.309635539
KOAc,PCy3 HBF4,BuCN,0.057,90,0.0,0.072839876
KOAc,PPh3,BuCN,0.057,90,4.3,0.067004976
KOAc,X-Phos,BuCN,0.057,90,18.72,0.0753130509999999
KOPiv,BrettPhos,BuCN,0.057,90,29.57,0.18557265
KOPiv,PPhtBu2,BuCN,0.057,90,0.0,0.0827868029999999
KOPiv,tBPh-CPhos,BuCN,0.057,90,5.62,0.308541239
KOPiv,PCy3 HBF4,BuCN,0.057,90,0.14,0.071746651
KOPiv,PPh3,BuCN,0.057,90,5.92,0.065923115
KOPiv,X-Phos,BuCN,0.057,90,30.83,0.074311735
CsOAc,BrettPhos,BuCN,0.057,90,36.72,0.232222295
CsOAc,PPhtBu2,BuCN,0.057,90,0.0,0.129381549
CsOAc,tBPh-CPhos,BuCN,0.057,90,6.57,0.35514328
CsOAc,PCy3 HBF4,BuCN,0.057,90,0.28,0.118342472
CsOAc,PPh3,BuCN,0.057,90,6.56,0.112522775
CsOAc,X-Phos,BuCN,0.057,90,72.9,0.121229502
CsOPiv,BrettPhos,BuCN,0.057,90,37.58,0.273102164
CsOPiv,PPhtBu2,BuCN,0.057,90,0.0,0.170254815
CsOPiv,tBPh-CPhos,BuCN,0.057,90,4.89,0.396003646
CsOPiv,PCy3 HBF4,BuCN,0.057,90,0.86,0.1592201909999999
CsOPiv,PPh3,BuCN,0.057,90,5.19,0.153385522
CsOPiv,X-Phos,BuCN,0.057,90,40.02,0.161850309
KOAc,BrettPhos,BuOAc,0.057,90,17.54,0.176132882
KOAc,PPhtBu2,BuOAc,0.057,90,0.0,0.073475425
KOAc,tBPh-CPhos,BuOAc,0.057,90,2.72,0.299202009
KOAc,PCy3 HBF4,BuOAc,0.057,90,0.0,0.062434198
KOAc,PPh3,BuOAc,0.057,90,1.27,0.056573425
KOAc,X-Phos,BuOAc,0.057,90,32.71,0.064947618
KOPiv,BrettPhos,BuOAc,0.057,90,61.94,0.175288313
KOPiv,PPhtBu2,BuOAc,0.057,90,0.0,0.072381125
KOPiv,tBPh-CPhos,BuOAc,0.057,90,17.9,0.29819309
KOPiv,PCy3 HBF4,BuOAc,0.057,90,0.0,0.061339898
KOPiv,PPh3,BuOAc,0.057,90,0.05,0.055472263
KOPiv,X-Phos,BuOAc,0.057,90,68.86,0.064056646
CsOAc,BrettPhos,BuOAc,0.057,90,22.92,0.221663589
CsOAc,PPhtBu2,BuOAc,0.057,90,0.0,0.118975871
CsOAc,tBPh-CPhos,BuOAc,0.057,90,7.84,0.344731253
CsOAc,PCy3 HBF4,BuOAc,0.057,90,0.0,0.107934644
CsOAc,PPh3,BuOAc,0.057,90,1.03,0.102072521
CsOAc,X-Phos,BuOAc,0.057,90,61.71,0.110611176
CsOPiv,BrettPhos,BuOAc,0.057,90,28.74,0.26256959
CsOPiv,PPhtBu2,BuOAc,0.057,90,0.0,0.159849137
CsOPiv,tBPh-CPhos,BuOAc,0.057,90,16.51,0.385653284
CsOPiv,PCy3 HBF4,BuOAc,0.057,90,0.0,0.14880791
CsOPiv,PPh3,BuOAc,0.057,90,0.43,0.142942413
CsOPiv,X-Phos,BuOAc,0.057,90,62.34,0.151487986
KOAc,BrettPhos,p-Xylene,0.057,90,12.39,0.159899863
KOAc,PPhtBu2,p-Xylene,0.057,90,0.0,0.05729584
KOAc,tBPh-CPhos,p-Xylene,0.057,90,6.98,0.283032601
KOAc,PCy3 HBF4,p-Xylene,0.057,90,0.0,0.046254613
KOAc,PPh3,p-Xylene,0.057,90,0.24,0.040387573
KOAc,X-Phos,p-Xylene,0.057,90,22.31,0.048665479
KOPiv,BrettPhos,p-Xylene,0.057,90,38.68,0.158901515
KOPiv,PPhtBu2,p-Xylene,0.057,90,0.0,0.056201541
KOPiv,tBPh-CPhos,p-Xylene,0.057,90,19.77,0.281984981
KOPiv,PCy3 HBF4,p-Xylene,0.057,90,0.0,0.045160314
KOPiv,PPh3,p-Xylene,0.057,90,0.04,0.039292543
KOPiv,X-Phos,p-Xylene,0.057,90,23.45,0.04757534
CsOAc,BrettPhos,p-Xylene,0.057,90,25.62,0.205448596
CsOAc,PPhtBu2,p-Xylene,0.057,90,0.0,0.102796287
CsOAc,tBPh-CPhos,p-Xylene,0.057,90,16.76,0.328568741
CsOAc,PCy3 HBF4,p-Xylene,0.057,90,0.0,0.09175506
CsOAc,PPh3,p-Xylene,0.057,90,2.04,0.085894589
CsOAc,X-Phos,p-Xylene,0.057,90,53.43,0.094279506
CsOPiv,BrettPhos,p-Xylene,0.057,90,21.8,0.24630792
CsOPiv,PPhtBu2,p-Xylene,0.057,90,0.0,0.143669553
CsOPiv,tBPh-CPhos,p-Xylene,0.057,90,25.31,0.369473213
CsOPiv,PCy3 HBF4,p-Xylene,0.057,90,0.0,0.132628326
CsOPiv,PPh3,p-Xylene,0.057,90,0.01,0.126760446
CsOPiv,X-Phos,p-Xylene,0.057,90,34.98,0.135085434
KOAc,BrettPhos,DMAc,0.057,105,2.41,0.155894292
KOAc,PPhtBu2,DMAc,0.057,105,0.12,0.053328888
KOAc,tBPh-CPhos,DMAc,0.057,105,68.71,0.279237903
KOAc,PCy3 HBF4,DMAc,0.057,105,6.22,0.042305246
KOAc,PPh3,DMAc,0.057,105,27.82,0.036499598
KOAc,X-Phos,DMAc,0.057,105,55.4,0.044776461
KOPiv,BrettPhos,DMAc,0.057,105,0.0,0.154793045
KOPiv,PPhtBu2,DMAc,0.057,105,0.0,0.052234242
KOPiv,tBPh-CPhos,DMAc,0.057,105,18.42,0.277998628
KOPiv,PCy3 HBF4,DMAc,0.057,105,10.98,0.041224668
KOPiv,PPh3,DMAc,0.057,105,63.61,0.035508473
KOPiv,X-Phos,DMAc,0.057,105,61.0,0.043698305
CsOAc,BrettPhos,DMAc,0.057,105,1.85,0.201393124
CsOAc,PPhtBu2,DMAc,0.057,105,0.0,0.098828988
CsOAc,tBPh-CPhos,DMAc,0.057,105,42.43,0.32466259
CsOAc,PCy3 HBF4,DMAc,0.057,105,15.26,0.087831752
CsOAc,PPh3,DMAc,0.057,105,53.46,0.082073958
CsOAc,X-Phos,DMAc,0.057,105,89.17,0.090374259
CsOPiv,BrettPhos,DMAc,0.057,105,0.0,0.242261057
CsOPiv,PPhtBu2,DMAc,0.057,105,0.0,0.139702254
CsOPiv,tBPh-CPhos,DMAc,0.057,105,7.33,0.36543467
CsOPiv,PCy3 HBF4,DMAc,0.057,105,11.52,0.128694237
CsOPiv,PPh3,DMAc,0.057,105,59.68,0.122965155
CsOPiv,X-Phos,DMAc,0.057,105,30.21,0.1310775559999999
KOAc,BrettPhos,BuCN,0.057,105,6.0,0.186485974
KOAc,PPhtBu2,BuCN,0.057,105,0.0,0.083881103
KOAc,tBPh-CPhos,BuCN,0.057,105,6.57,0.309642833
KOAc,PCy3 HBF4,BuCN,0.057,105,0.0,0.072839876
KOAc,PPh3,BuCN,0.057,105,6.77,0.0670239409999999
KOAc,X-Phos,BuCN,0.057,105,12.54,0.0752656
KOPiv,BrettPhos,BuCN,0.057,105,29.14,0.185569348
KOPiv,PPhtBu2,BuCN,0.057,105,0.0,0.0827868029999999
KOPiv,tBPh-CPhos,BuCN,0.057,105,5.77,0.308542391
KOPiv,PCy3 HBF4,BuCN,0.057,105,0.85,0.071752102
KOPiv,PPh3,BuCN,0.057,105,6.78,0.065929718
KOPiv,X-Phos,BuCN,0.057,105,31.13,0.074314038
CsOAc,BrettPhos,BuCN,0.057,105,45.11,0.232286715
CsOAc,PPhtBu2,BuCN,0.057,105,0.0,0.129381549
CsOAc,tBPh-CPhos,BuCN,0.057,105,5.6,0.355135832
CsOAc,PCy3 HBF4,BuCN,0.057,105,1.13,0.118348998
CsOAc,PPh3,BuCN,0.057,105,9.16,0.112542738
CsOAc,X-Phos,BuCN,0.057,105,72.89,0.121229425
CsOPiv,BrettPhos,BuCN,0.057,105,39.86,0.27311967
CsOPiv,PPhtBu2,BuCN,0.057,105,0.0,0.170254815
CsOPiv,tBPh-CPhos,BuCN,0.057,105,5.06,0.396004952
CsOPiv,PCy3 HBF4,BuCN,0.057,105,1.95,0.15922856
CsOPiv,PPh3,BuCN,0.057,105,6.51,0.153395657
CsOPiv,X-Phos,BuCN,0.057,105,36.65,0.161824434
KOAc,BrettPhos,BuOAc,0.057,105,16.39,0.1761264139999999
KOAc,PPhtBu2,BuOAc,0.057,105,0.0,0.073475425
KOAc,tBPh-CPhos,BuOAc,0.057,105,2.85,0.29920274
KOAc,PCy3 HBF4,BuOAc,0.057,105,0.0,0.062434198
KOAc,PPh3,BuOAc,0.057,105,1.94,0.056577194
KOAc,X-Phos,BuOAc,0.057,105,41.69,0.0649981259999999
KOPiv,BrettPhos,BuOAc,0.057,105,48.88,0.175214857
KOPiv,PPhtBu2,BuOAc,0.057,105,0.0,0.072381125
KOPiv,tBPh-CPhos,BuOAc,0.057,105,11.64,0.29815788
KOPiv,PCy3 HBF4,BuOAc,0.057,105,0.0,0.061339898
KOPiv,PPh3,BuOAc,0.057,105,0.98,0.055477494
KOPiv,X-Phos,BuOAc,0.057,105,69.26,0.0640588959999999
CsOAc,BrettPhos,BuOAc,0.057,105,27.71,0.22169053
CsOAc,PPhtBu2,BuOAc,0.057,105,0.0,0.118975871
CsOAc,tBPh-CPhos,BuOAc,0.057,105,10.39,0.344745595
CsOAc,PCy3 HBF4,BuOAc,0.057,105,0.0,0.107934644
CsOAc,PPh3,BuOAc,0.057,105,2.72,0.102082027
CsOAc,X-Phos,BuOAc,0.057,105,80.77,0.11071838
CsOPiv,BrettPhos,BuOAc,0.057,105,49.23,0.262684837
CsOPiv,PPhtBu2,BuOAc,0.057,105,0.0,0.159849137
CsOPiv,tBPh-CPhos,BuOAc,0.057,105,11.3,0.38562398
CsOPiv,PCy3 HBF4,BuOAc,0.057,105,0.0,0.14880791
CsOPiv,PPh3,BuOAc,0.057,105,0.58,0.142943256
CsOPiv,X-Phos,BuOAc,0.057,105,5.4,0.151167723
KOAc,BrettPhos,p-Xylene,0.057,105,13.19,0.159902783
KOAc,PPhtBu2,p-Xylene,0.057,105,0.0,0.05729584
KOAc,tBPh-CPhos,p-Xylene,0.057,105,6.45,0.283030666
KOAc,PCy3 HBF4,p-Xylene,0.057,105,0.0,0.046254613
KOAc,PPh3,p-Xylene,0.057,105,1.16,0.040390931
KOAc,X-Phos,p-Xylene,0.057,105,13.41,0.048632996
KOPiv,BrettPhos,p-Xylene,0.057,105,29.85,0.158869288
KOPiv,PPhtBu2,p-Xylene,0.057,105,0.0,0.056201541
KOPiv,tBPh-CPhos,p-Xylene,0.057,105,21.43,0.28199104
KOPiv,PCy3 HBF4,p-Xylene,0.057,105,0.0,0.045160314
KOPiv,PPh3,p-Xylene,0.057,105,0.48,0.039294149
KOPiv,X-Phos,p-Xylene,0.057,105,26.12,0.047585085
CsOAc,BrettPhos,p-Xylene,0.057,105,36.14,0.205486991
CsOAc,PPhtBu2,p-Xylene,0.057,105,0.0,0.102796287
CsOAc,tBPh-CPhos,p-Xylene,0.057,105,14.43,0.328560237
CsOAc,PCy3 HBF4,p-Xylene,0.057,105,0.0,0.09175506
CsOAc,PPh3,p-Xylene,0.057,105,3.18,0.08589875
CsOAc,X-Phos,p-Xylene,0.057,105,54.41,0.094283082
CsOPiv,BrettPhos,p-Xylene,0.057,105,23.53,0.246314234
CsOPiv,PPhtBu2,p-Xylene,0.057,105,0.0,0.143669553
CsOPiv,tBPh-CPhos,p-Xylene,0.057,105,23.1,0.3694651470000001
CsOPiv,PCy3 HBF4,p-Xylene,0.057,105,0.0,0.132628326
CsOPiv,PPh3,p-Xylene,0.057,105,0.44,0.126762015
CsOPiv,X-Phos,p-Xylene,0.057,105,39.81,0.135103062
KOAc,BrettPhos,DMAc,0.057,120,3.14,0.155896396
KOAc,PPhtBu2,DMAc,0.057,120,2.13,0.053334682
KOAc,tBPh-CPhos,DMAc,0.057,120,88.89,0.279296077
KOAc,PCy3 HBF4,DMAc,0.057,120,18.38,0.0423403
KOAc,PPh3,DMAc,0.057,120,45.85,0.036551574
KOAc,X-Phos,DMAc,0.057,120,77.58,0.044840401
KOPiv,BrettPhos,DMAc,0.057,120,0.0,0.154793045
KOPiv,PPhtBu2,DMAc,0.057,120,2.82,0.052242372
KOPiv,tBPh-CPhos,DMAc,0.057,120,55.96,0.278106848
KOPiv,PCy3 HBF4,DMAc,0.057,120,29.51,0.041278086
KOPiv,PPh3,DMAc,0.057,120,91.27,0.03558821
KOPiv,X-Phos,DMAc,0.057,120,62.07,0.043701389
CsOAc,BrettPhos,DMAc,0.057,120,1.68,0.201392634
CsOAc,PPhtBu2,DMAc,0.057,120,1.62,0.098833658
CsOAc,tBPh-CPhos,DMAc,0.057,120,66.84,0.324732958
CsOAc,PCy3 HBF4,DMAc,0.057,120,35.61,0.087890417
CsOAc,PPh3,DMAc,0.057,120,89.71,0.082178459
CsOAc,X-Phos,DMAc,0.057,120,88.41,0.090372068
CsOPiv,BrettPhos,DMAc,0.057,120,0.0,0.242261057
CsOPiv,PPhtBu2,DMAc,0.057,120,0.0,0.139702254
CsOPiv,tBPh-CPhos,DMAc,0.057,120,14.24,0.36545459
CsOPiv,PCy3 HBF4,DMAc,0.057,120,26.22,0.128736614
CsOPiv,PPh3,DMAc,0.057,120,84.64,0.123037109
CsOPiv,X-Phos,DMAc,0.057,120,38.48,0.1311013969999999
KOAc,BrettPhos,BuCN,0.057,120,17.0,0.186570434
KOAc,PPhtBu2,BuCN,0.057,120,0.0,0.083881103
KOAc,tBPh-CPhos,BuCN,0.057,120,8.52,0.309657806
KOAc,PCy3 HBF4,BuCN,0.057,120,0.89,0.072846709
KOAc,PPh3,BuCN,0.057,120,11.5,0.067060259
KOAc,X-Phos,BuCN,0.057,120,43.22,0.075501167
KOPiv,BrettPhos,BuCN,0.057,120,50.55,0.185733738
KOPiv,PPhtBu2,BuCN,0.057,120,0.0,0.0827868029999999
KOPiv,tBPh-CPhos,BuCN,0.057,120,6.2,0.308545693
KOPiv,PCy3 HBF4,BuCN,0.057,120,3.25,0.07177053
KOPiv,PPh3,BuCN,0.057,120,12.19,0.065971257
KOPiv,X-Phos,BuCN,0.057,120,27.8,0.07428847
CsOAc,BrettPhos,BuCN,0.057,120,54.26,0.23235697
CsOAc,PPhtBu2,BuCN,0.057,120,0.0,0.129381549
CsOAc,tBPh-CPhos,BuCN,0.057,120,7.42,0.355149806
CsOAc,PCy3 HBF4,BuCN,0.057,120,3.04,0.118363664
CsOAc,PPh3,BuCN,0.057,120,11.19,0.112558325
CsOAc,X-Phos,BuCN,0.057,120,72.21,0.121224204
CsOPiv,BrettPhos,BuCN,0.057,120,42.63,0.273140939
CsOPiv,PPhtBu2,BuCN,0.057,120,0.0,0.170254815
CsOPiv,tBPh-CPhos,BuCN,0.057,120,5.24,0.396006334
CsOPiv,PCy3 HBF4,BuCN,0.057,120,4.78,0.15925029
CsOPiv,PPh3,BuCN,0.057,120,9.46,0.153418308
CsOPiv,X-Phos,BuCN,0.057,120,31.51,0.161784968
KOAc,BrettPhos,BuOAc,0.057,120,27.16,0.176186991
KOAc,PPhtBu2,BuOAc,0.057,120,0.0,0.073475425
KOAc,tBPh-CPhos,BuOAc,0.057,120,6.22,0.299221695
KOAc,PCy3 HBF4,BuOAc,0.057,120,0.0,0.062434198
KOAc,PPh3,BuOAc,0.057,120,5.67,0.056598173
KOAc,X-Phos,BuOAc,0.057,120,61.86,0.065111574
KOPiv,BrettPhos,BuOAc,0.057,120,66.9,0.175316211
KOPiv,PPhtBu2,BuOAc,0.057,120,0.0,0.072381125
KOPiv,tBPh-CPhos,BuOAc,0.057,120,3.88,0.298114234
KOPiv,PCy3 HBF4,BuOAc,0.057,120,0.0,0.061339898
KOPiv,PPh3,BuOAc,0.057,120,3.07,0.05548925
KOPiv,X-Phos,BuOAc,0.057,120,21.74,0.063791616
CsOAc,BrettPhos,BuOAc,0.057,120,30.02,0.221703523
CsOAc,PPhtBu2,BuOAc,0.057,120,0.0,0.118975871
CsOAc,tBPh-CPhos,BuOAc,0.057,120,4.85,0.344714435
CsOAc,PCy3 HBF4,BuOAc,0.057,120,0.0,0.107934644
CsOAc,PPh3,BuOAc,0.057,120,3.51,0.10208647
CsOAc,X-Phos,BuOAc,0.057,120,7.02,0.110303569
CsOPiv,BrettPhos,BuOAc,0.057,120,33.65,0.262597206
CsOPiv,PPhtBu2,BuOAc,0.057,120,0.0,0.159849137
CsOPiv,tBPh-CPhos,BuOAc,0.057,120,8.24,0.385606769
CsOPiv,PCy3 HBF4,BuOAc,0.057,120,0.0,0.14880791
CsOPiv,PPh3,BuOAc,0.057,120,2.35,0.142953212
CsOPiv,X-Phos,BuOAc,0.057,120,22.87,0.151265984
KOAc,BrettPhos,p-Xylene,0.057,120,8.69,0.159886359
KOAc,PPhtBu2,p-Xylene,0.057,120,0.0,0.05729584
KOAc,tBPh-CPhos,p-Xylene,0.057,120,0.15,0.283007673
KOAc,PCy3 HBF4,p-Xylene,0.057,120,0.0,0.046254613
KOAc,PPh3,p-Xylene,0.057,120,2.59,0.04039615
KOAc,X-Phos,p-Xylene,0.057,120,45.62,0.048750555
KOPiv,BrettPhos,p-Xylene,0.057,120,43.05,0.158917465
KOPiv,PPhtBu2,p-Xylene,0.057,120,0.0,0.056201541
KOPiv,tBPh-CPhos,p-Xylene,0.057,120,18.22,0.281979324
KOPiv,PCy3 HBF4,p-Xylene,0.057,120,0.0,0.045160314
KOPiv,PPh3,p-Xylene,0.057,120,2.44,0.039301303
KOPiv,X-Phos,p-Xylene,0.057,120,26.97,0.047588187
CsOAc,BrettPhos,p-Xylene,0.057,120,38.44,0.205495385
CsOAc,PPhtBu2,p-Xylene,0.057,120,0.0,0.102796287
CsOAc,tBPh-CPhos,p-Xylene,0.057,120,15.98,0.328565895
CsOAc,PCy3 HBF4,p-Xylene,0.057,120,0.0,0.09175506
CsOAc,PPh3,p-Xylene,0.057,120,6.18,0.085909699
CsOAc,X-Phos,p-Xylene,0.057,120,54.52,0.094283484
CsOPiv,BrettPhos,p-Xylene,0.057,120,26.52,0.246325146
CsOPiv,PPhtBu2,p-Xylene,0.057,120,0.0,0.143669553
CsOPiv,tBPh-CPhos,p-Xylene,0.057,120,20.07,0.369454088
CsOPiv,PCy3 HBF4,p-Xylene,0.057,120,0.0,0.132628326
CsOPiv,PPh3,p-Xylene,0.057,120,1.76,0.126766833
CsOPiv,X-Phos,p-Xylene,0.057,120,39.32,0.135101274
KOAc,BrettPhos,DMAc,0.153,90,5.75,0.141125799
KOAc,PPhtBu2,DMAc,0.153,90,0.0,0.03855042
KOAc,tBPh-CPhos,DMAc,0.153,90,37.38,0.264369463
KOAc,PCy3 HBF4,DMAc,0.153,90,0.41,0.027510375
KOAc,PPh3,DMAc,0.153,90,11.68,0.021674948
KOAc,X-Phos,DMAc,0.153,90,38.79,0.029950456
KOPiv,BrettPhos,DMAc,0.153,90,0.66,0.1400168259999999
KOPiv,PPhtBu2,DMAc,0.153,90,0.0,0.03745612
KOPiv,tBPh-CPhos,DMAc,0.153,90,8.5,0.263191909
KOPiv,PCy3 HBF4,DMAc,0.153,90,2.52,0.026422158
KOPiv,PPh3,DMAc,0.153,90,38.79,0.0206588
KOPiv,X-Phos,DMAc,0.153,90,60.68,0.02891926
CsOAc,BrettPhos,DMAc,0.153,90,6.26,0.186627715
CsOAc,PPhtBu2,DMAc,0.153,90,0.0,0.084050866
CsOAc,tBPh-CPhos,DMAc,0.153,90,12.44,0.309798013
CsOAc,PCy3 HBF4,DMAc,0.153,90,2.53,0.0730169329999999
CsOAc,PPh3,DMAc,0.153,90,31.85,0.06723354
CsOAc,X-Phos,DMAc,0.153,90,86.14,0.075587402
CsOPiv,BrettPhos,DMAc,0.153,90,0.0,0.227482935
CsOPiv,PPhtBu2,DMAc,0.153,90,0.0,0.124924132
CsOPiv,tBPh-CPhos,DMAc,0.153,90,3.55,0.350645651
CsOPiv,PCy3 HBF4,DMAc,0.153,90,2.53,0.113890199
CsOPiv,PPh3,DMAc,0.153,90,28.53,0.108097235
CsOPiv,X-Phos,DMAc,0.153,90,27.79,0.116292458
KOAc,BrettPhos,BuCN,0.153,90,12.07,0.153178608
KOAc,PPhtBu2,BuCN,0.153,90,0.0,0.05052713
KOAc,tBPh-CPhos,BuCN,0.153,90,4.97,0.276276575
KOAc,PCy3 HBF4,BuCN,0.153,90,0.0,0.039485903
KOAc,PPh3,BuCN,0.153,90,2.66,0.03363841
KOAc,X-Phos,BuCN,0.153,90,32.5,0.042064884
KOPiv,BrettPhos,BuCN,0.153,90,13.31,0.152093829
KOPiv,PPhtBu2,BuCN,0.153,90,0.0,0.04943283
KOPiv,tBPh-CPhos,BuCN,0.153,90,5.65,0.275187497
KOPiv,PCy3 HBF4,BuCN,0.153,90,0.0,0.038391603
KOPiv,PPh3,BuCN,0.153,90,0.85,0.0325302129999999
KOPiv,X-Phos,BuCN,0.153,90,33.95,0.040981717
CsOAc,BrettPhos,BuCN,0.153,90,28.02,0.198801521
CsOAc,PPhtBu2,BuCN,0.153,90,0.0,0.096027576
CsOAc,tBPh-CPhos,BuCN,0.153,90,0.0,0.321738861
CsOAc,PCy3 HBF4,BuCN,0.153,90,0.0,0.084986349
CsOAc,PPh3,BuCN,0.153,90,0.0,0.079118433
CsOAc,X-Phos,BuCN,0.153,90,0.0,0.087315789
CsOPiv,BrettPhos,BuCN,0.153,90,54.55,0.239878489
CsOPiv,PPhtBu2,BuCN,0.153,90,0.0,0.136900842
CsOPiv,tBPh-CPhos,BuCN,0.153,90,8.95,0.362680847
CsOPiv,PCy3 HBF4,BuCN,0.153,90,0.0,0.125859615
CsOPiv,PPh3,BuCN,0.153,90,2.53,0.120011125
CsOPiv,X-Phos,BuCN,0.153,90,75.4,0.12876799
KOAc,BrettPhos,BuOAc,0.153,90,15.36,0.1490411569999999
KOAc,PPhtBu2,BuOAc,0.153,90,0.0,0.046395962
KOAc,tBPh-CPhos,BuOAc,0.153,90,3.68,0.272127945
KOAc,PCy3 HBF4,BuOAc,0.153,90,0.0,0.035354735
KOAc,PPh3,BuOAc,0.153,90,1.39,0.029494637
KOAc,X-Phos,BuOAc,0.153,90,25.35,0.037826757
KOPiv,BrettPhos,BuOAc,0.153,90,42.48,0.148099396
KOPiv,PPhtBu2,BuOAc,0.153,90,0.0,0.045301662
KOPiv,tBPh-CPhos,BuOAc,0.153,90,11.24,0.271076167
KOPiv,PCy3 HBF4,BuOAc,0.153,90,0.0,0.034260435
KOPiv,PPh3,BuOAc,0.153,90,2.58,0.02840703
KOPiv,X-Phos,BuOAc,0.153,90,32.68,0.036773686
CsOAc,BrettPhos,BuOAc,0.153,90,17.16,0.194551728
CsOAc,PPhtBu2,BuOAc,0.153,90,0.0,0.091896408
CsOAc,tBPh-CPhos,BuOAc,0.153,90,7.74,0.317651227
CsOAc,PCy3 HBF4,BuOAc,0.153,90,0.0,0.080855181
CsOAc,PPh3,BuOAc,0.153,90,0.81,0.074991821
CsOAc,X-Phos,BuOAc,0.153,90,82.21,0.0836470159999999
CsOPiv,BrettPhos,BuOAc,0.153,90,21.5,0.235449405
CsOPiv,PPhtBu2,BuOAc,0.153,90,0.0,0.132769674
CsOPiv,tBPh-CPhos,BuOAc,0.153,90,8.72,0.358530005
CsOPiv,PCy3 HBF4,BuOAc,0.153,90,0.0,0.121728447
CsOPiv,PPh3,BuOAc,0.153,90,0.6,0.115863905
CsOPiv,X-Phos,BuOAc,0.153,90,46.57,0.124319823
KOAc,BrettPhos,p-Xylene,0.153,90,13.85,0.142732849
KOAc,PPhtBu2,p-Xylene,0.153,90,0.0,0.040123498
KOAc,tBPh-CPhos,p-Xylene,0.153,90,9.79,0.265870514
KOAc,PCy3 HBF4,p-Xylene,0.153,90,0.0,0.029082271
KOAc,PPh3,p-Xylene,0.153,90,0.78,0.023217201
KOAc,X-Phos,p-Xylene,0.153,90,28.36,0.031515218
KOPiv,BrettPhos,p-Xylene,0.153,90,38.45,0.141728333
KOPiv,PPhtBu2,p-Xylene,0.153,90,0.0,0.039029198
KOPiv,tBPh-CPhos,p-Xylene,0.153,90,24.02,0.26482815
KOPiv,PCy3 HBF4,p-Xylene,0.153,90,0.0,0.027987971
KOPiv,PPh3,p-Xylene,0.153,90,1.58,0.022125821
KOPiv,X-Phos,p-Xylene,0.153,90,31.55,0.03043256
CsOAc,BrettPhos,p-Xylene,0.153,90,41.03,0.188332496
CsOAc,PPhtBu2,p-Xylene,0.153,90,0.0,0.085623944
CsOAc,tBPh-CPhos,p-Xylene,0.153,90,17.53,0.311399209
CsOAc,PCy3 HBF4,p-Xylene,0.153,90,0.0,0.074582717
CsOAc,PPh3,p-Xylene,0.153,90,5.38,0.068734436
CsOAc,X-Phos,p-Xylene,0.153,90,66.03,0.07715315
CsOPiv,BrettPhos,p-Xylene,0.153,90,23.57,0.229142037
CsOPiv,PPhtBu2,p-Xylene,0.153,90,0.0,0.12649721
CsOPiv,tBPh-CPhos,p-Xylene,0.153,90,25.67,0.352302184
CsOPiv,PCy3 HBF4,p-Xylene,0.153,90,0.0,0.115455983
CsOPiv,PPh3,p-Xylene,0.153,90,0.25,0.109588979
CsOPiv,X-Phos,p-Xylene,0.153,90,44.28,0.117947034
KOAc,BrettPhos,DMAc,0.153,105,5.49,0.141125049
KOAc,PPhtBu2,DMAc,0.153,105,0.0,0.03855042
KOAc,tBPh-CPhos,DMAc,0.153,105,57.33,0.264426975
KOAc,PCy3 HBF4,DMAc,0.153,105,5.25,0.027524328
KOAc,PPh3,DMAc,0.153,105,30.44,0.021729029
KOAc,X-Phos,DMAc,0.153,105,48.86,0.029979486
KOPiv,BrettPhos,DMAc,0.153,105,0.74,0.140017056
KOPiv,PPhtBu2,DMAc,0.153,105,0.0,0.03745612
KOPiv,tBPh-CPhos,DMAc,0.153,105,24.8,0.263238898
KOPiv,PCy3 HBF4,DMAc,0.153,105,12.78,0.026451735
KOPiv,PPh3,DMAc,0.153,105,71.11,0.020751972
KOPiv,X-Phos,DMAc,0.153,105,82.28,0.028981528
CsOAc,BrettPhos,DMAc,0.153,105,7.34,0.186630829
CsOAc,PPhtBu2,DMAc,0.153,105,0.0,0.084050866
CsOAc,tBPh-CPhos,DMAc,0.153,105,20.73,0.309821911
CsOAc,PCy3 HBF4,DMAc,0.153,105,10.25,0.073039188
CsOAc,PPh3,DMAc,0.153,105,66.27,0.067332765
CsOAc,X-Phos,DMAc,0.153,105,84.48,0.075582617
CsOPiv,BrettPhos,DMAc,0.153,105,0.0,0.227482935
CsOPiv,PPhtBu2,DMAc,0.153,105,0.0,0.124924132
CsOPiv,tBPh-CPhos,DMAc,0.153,105,6.54,0.350654271
CsOPiv,PCy3 HBF4,DMAc,0.153,105,9.07,0.113909052
CsOPiv,PPh3,DMAc,0.153,105,45.28,0.108145522
CsOPiv,X-Phos,DMAc,0.153,105,40.06,0.11632783
KOAc,BrettPhos,BuCN,0.153,105,22.3,0.153257156
KOAc,PPhtBu2,BuCN,0.153,105,0.0,0.05052713
KOAc,tBPh-CPhos,BuCN,0.153,105,6.88,0.276291241
KOAc,PCy3 HBF4,BuCN,0.153,105,0.0,0.039485903
KOAc,PPh3,BuCN,0.153,105,6.67,0.0336692
KOAc,X-Phos,BuCN,0.153,105,75.39,0.042394201
KOPiv,BrettPhos,BuCN,0.153,105,58.95,0.152444261
KOPiv,PPhtBu2,BuCN,0.153,105,0.0,0.04943283
KOPiv,tBPh-CPhos,BuCN,0.153,105,10.05,0.275221281
KOPiv,PCy3 HBF4,BuCN,0.153,105,1.37,0.038402122
KOPiv,PPh3,BuCN,0.153,105,7.88,0.032584191
KOPiv,X-Phos,BuCN,0.153,105,73.33,0.041284084
CsOAc,BrettPhos,BuCN,0.153,105,73.08,0.1991475
CsOAc,PPhtBu2,BuCN,0.153,105,0.0,0.096027576
CsOAc,tBPh-CPhos,BuCN,0.153,105,6.4,0.321788001
CsOAc,PCy3 HBF4,BuCN,0.153,105,2.15,0.0850028569999999
CsOAc,PPh3,BuCN,0.153,105,5.55,0.079161047
CsOAc,X-Phos,BuCN,0.153,105,84.62,0.087965517
CsOPiv,BrettPhos,BuCN,0.153,105,56.5,0.239893462
CsOPiv,PPhtBu2,BuCN,0.153,105,0.0,0.136900842
CsOPiv,tBPh-CPhos,BuCN,0.153,105,8.84,0.3626800020000001
CsOPiv,PCy3 HBF4,BuCN,0.153,105,2.01,0.125875048
CsOPiv,PPh3,BuCN,0.153,105,4.1,0.120023179
CsOPiv,X-Phos,BuCN,0.153,105,79.76,0.128801467
KOAc,BrettPhos,BuOAc,0.153,105,17.26,0.149051844
KOAc,PPhtBu2,BuOAc,0.153,105,0.0,0.046395962
KOAc,tBPh-CPhos,BuOAc,0.153,105,0.0,0.272107247
KOAc,PCy3 HBF4,BuOAc,0.153,105,0.0,0.035354735
KOAc,PPh3,BuOAc,0.153,105,4.51,0.029512185
KOAc,X-Phos,BuOAc,0.153,105,53.49,0.037985033
KOPiv,BrettPhos,BuOAc,0.153,105,33.97,0.148051531
KOPiv,PPhtBu2,BuOAc,0.153,105,0.0,0.045301662
KOPiv,tBPh-CPhos,BuOAc,0.153,105,0.0,0.271012947
KOPiv,PCy3 HBF4,BuOAc,0.153,105,0.0,0.034260435
KOPiv,PPh3,BuOAc,0.153,105,2.95,0.028409111
KOPiv,X-Phos,BuOAc,0.153,105,44.48,0.036840056
CsOAc,BrettPhos,BuOAc,0.153,105,20.35,0.19456967
CsOAc,PPhtBu2,BuOAc,0.153,105,0.0,0.091896408
CsOAc,tBPh-CPhos,BuOAc,0.153,105,0.0,0.317607693
CsOAc,PCy3 HBF4,BuOAc,0.153,105,0.0,0.080855181
CsOAc,PPh3,BuOAc,0.153,105,4.2,0.075010888
CsOAc,X-Phos,BuOAc,0.153,105,81.66,0.083643923
CsOPiv,BrettPhos,BuOAc,0.153,105,24.56,0.235466616
CsOPiv,PPhtBu2,BuOAc,0.153,105,0.0,0.132769674
CsOPiv,tBPh-CPhos,BuOAc,0.153,105,0.0,0.358480959
CsOPiv,PCy3 HBF4,BuOAc,0.153,105,0.0,0.121728447
CsOPiv,PPh3,BuOAc,0.153,105,1.94,0.115871442
CsOPiv,X-Phos,BuOAc,0.153,105,5.53,0.124088991
KOAc,BrettPhos,p-Xylene,0.153,105,16.87,0.142743871
KOAc,PPhtBu2,p-Xylene,0.153,105,0.0,0.040123498
KOAc,tBPh-CPhos,p-Xylene,0.153,105,8.3,0.265865076
KOAc,PCy3 HBF4,p-Xylene,0.153,105,0.0,0.029082271
KOAc,PPh3,p-Xylene,0.153,105,3.57,0.023227384
KOAc,X-Phos,p-Xylene,0.153,105,39.32,0.031555219
KOPiv,BrettPhos,p-Xylene,0.153,105,40.76,0.141736764
KOPiv,PPhtBu2,p-Xylene,0.153,105,0.0,0.039029198
KOPiv,tBPh-CPhos,p-Xylene,0.153,105,47.33,0.264913225
KOPiv,PCy3 HBF4,p-Xylene,0.153,105,0.0,0.027987971
KOPiv,PPh3,p-Xylene,0.153,105,6.42,0.022143486
KOPiv,X-Phos,p-Xylene,0.153,105,34.45,0.030443145
CsOAc,BrettPhos,p-Xylene,0.153,105,44.16,0.188343919
CsOAc,PPhtBu2,p-Xylene,0.153,105,0.0,0.085623944
CsOAc,tBPh-CPhos,p-Xylene,0.153,105,20.31,0.311409355
CsOAc,PCy3 HBF4,p-Xylene,0.153,105,0.28,0.074583739
CsOAc,PPh3,p-Xylene,0.153,105,13.71,0.068764839
CsOAc,X-Phos,p-Xylene,0.153,105,76.63,0.077191837
CsOPiv,BrettPhos,p-Xylene,0.153,105,24.76,0.22914638
CsOPiv,PPhtBu2,p-Xylene,0.153,105,0.0,0.12649721
CsOPiv,tBPh-CPhos,p-Xylene,0.153,105,29.56,0.352316381
CsOPiv,PCy3 HBF4,p-Xylene,0.153,105,0.0,0.115455983
CsOPiv,PPh3,p-Xylene,0.153,105,2.11,0.109595768
CsOPiv,X-Phos,p-Xylene,0.153,105,73.93,0.118055249
KOAc,BrettPhos,DMAc,0.153,120,5.95,0.141126375
KOAc,PPhtBu2,DMAc,0.153,120,4.3,0.038562816
KOAc,tBPh-CPhos,DMAc,0.153,120,76.59,0.264482497
KOAc,PCy3 HBF4,DMAc,0.153,120,11.91,0.027543527
KOAc,PPh3,DMAc,0.153,120,51.83,0.021790691
KOAc,X-Phos,DMAc,0.153,120,84.67,0.030082718
KOPiv,BrettPhos,DMAc,0.153,120,0.89,0.140017489
KOPiv,PPhtBu2,DMAc,0.153,120,0.0,0.03745612
KOPiv,tBPh-CPhos,DMAc,0.153,120,45.01,0.263297159
KOPiv,PCy3 HBF4,DMAc,0.153,120,24.11,0.026484397
KOPiv,PPh3,DMAc,0.153,120,79.1,0.020775005
KOPiv,X-Phos,DMAc,0.153,120,80.39,0.02897608
CsOAc,BrettPhos,DMAc,0.153,120,7.43,0.186631088
CsOAc,PPhtBu2,DMAc,0.153,120,0.51,0.0840523369999999
CsOAc,tBPh-CPhos,DMAc,0.153,120,32.21,0.309855006
CsOAc,PCy3 HBF4,DMAc,0.153,120,18.61,0.073063288
CsOAc,PPh3,DMAc,0.153,120,78.19,0.067367128
CsOAc,X-Phos,DMAc,0.153,120,84.49,0.075582645
CsOPiv,BrettPhos,DMAc,0.153,120,0.0,0.227482935
CsOPiv,PPhtBu2,DMAc,0.153,120,0.0,0.124924132
CsOPiv,tBPh-CPhos,DMAc,0.153,120,9.96,0.35066413
CsOPiv,PCy3 HBF4,DMAc,0.153,120,13.88,0.113922918
CsOPiv,PPh3,DMAc,0.153,120,58.4,0.108183344
CsOPiv,X-Phos,DMAc,0.153,120,48.34,0.116351699
KOAc,BrettPhos,BuCN,0.153,120,25.77,0.153283799
KOAc,PPhtBu2,BuCN,0.153,120,0.0,0.05052713
KOAc,tBPh-CPhos,BuCN,0.153,120,7.65,0.276297153
KOAc,PCy3 HBF4,BuCN,0.153,120,0.74,0.039491584
KOAc,PPh3,BuCN,0.153,120,12.34,0.033712735
KOAc,X-Phos,BuCN,0.153,120,78.6,0.042418848
KOPiv,BrettPhos,BuCN,0.153,120,58.48,0.152440653
KOPiv,PPhtBu2,BuCN,0.153,120,0.0,0.04943283
KOPiv,tBPh-CPhos,BuCN,0.153,120,9.61,0.275217902
KOPiv,PCy3 HBF4,BuCN,0.153,120,2.77,0.038412871
KOPiv,PPh3,BuCN,0.153,120,15.64,0.032643774
KOPiv,X-Phos,BuCN,0.153,120,71.43,0.041269496
CsOAc,BrettPhos,BuCN,0.153,120,69.03,0.199116404
CsOAc,PPhtBu2,BuCN,0.153,120,0.0,0.096027576
CsOAc,tBPh-CPhos,BuCN,0.153,120,8.82,0.321806582
CsOAc,PCy3 HBF4,BuCN,0.153,120,1.89,0.085000861
CsOAc,PPh3,BuCN,0.153,120,19.64,0.079269232
CsOAc,X-Phos,BuCN,0.153,120,77.01,0.087907086
CsOPiv,BrettPhos,BuCN,0.153,120,53.81,0.239872808
CsOPiv,PPhtBu2,BuCN,0.153,120,0.0,0.136900842
CsOPiv,tBPh-CPhos,BuCN,0.153,120,7.54,0.36267002
CsOPiv,PCy3 HBF4,BuCN,0.153,120,3.33,0.125885183
CsOPiv,PPh3,BuCN,0.153,120,6.1,0.120038536
CsOPiv,X-Phos,BuCN,0.153,120,78.44,0.1287913319999999
KOAc,BrettPhos,BuOAc,0.153,120,18.26,0.149057469
KOAc,PPhtBu2,BuOAc,0.153,120,0.0,0.046395962
KOAc,tBPh-CPhos,BuOAc,0.153,120,0.0,0.272107247
KOAc,PCy3 HBF4,BuOAc,0.153,120,0.0,0.035354735
KOAc,PPh3,BuOAc,0.153,120,4.86,0.029514154
KOAc,X-Phos,BuOAc,0.153,120,76.24,0.038112992
KOPiv,BrettPhos,BuOAc,0.153,120,36.18,0.148063961
KOPiv,PPhtBu2,BuOAc,0.153,120,0.0,0.045301662
KOPiv,tBPh-CPhos,BuOAc,0.153,120,14.01,0.271091747
KOPiv,PCy3 HBF4,BuOAc,0.153,120,0.0,0.034260435
KOPiv,PPh3,BuOAc,0.153,120,4.33,0.028416873
KOPiv,X-Phos,BuOAc,0.153,120,48.91,0.036864972
CsOAc,BrettPhos,BuOAc,0.153,120,20.6,0.194571076
CsOAc,PPhtBu2,BuOAc,0.153,120,0.0,0.091896408
CsOAc,tBPh-CPhos,BuOAc,0.153,120,0.0,0.317607693
CsOAc,PCy3 HBF4,BuOAc,0.153,120,0.0,0.080855181
CsOAc,PPh3,BuOAc,0.153,120,14.26,0.075067471
CsOAc,X-Phos,BuOAc,0.153,120,6.23,0.083219662
CsOPiv,BrettPhos,BuOAc,0.153,120,25.67,0.235472859
CsOPiv,PPhtBu2,BuOAc,0.153,120,0.0,0.132769674
CsOPiv,tBPh-CPhos,BuOAc,0.153,120,0.0,0.358480959
CsOPiv,PCy3 HBF4,BuOAc,0.153,120,0.0,0.121728447
CsOPiv,PPh3,BuOAc,0.153,120,2.81,0.115876336
CsOPiv,X-Phos,BuOAc,0.153,120,59.05,0.124390018
KOAc,BrettPhos,p-Xylene,0.153,120,18.89,0.142751244
KOAc,PPhtBu2,p-Xylene,0.153,120,0.0,0.040123498
KOAc,tBPh-CPhos,p-Xylene,0.153,120,8.61,0.265866207
KOAc,PCy3 HBF4,p-Xylene,0.153,120,0.0,0.029082271
KOAc,PPh3,p-Xylene,0.153,120,5.22,0.023233406
KOAc,X-Phos,p-Xylene,0.153,120,61.67,0.031636791
KOPiv,BrettPhos,p-Xylene,0.153,120,49.57,0.141768918
KOPiv,PPhtBu2,p-Xylene,0.153,120,0.0,0.039029198
KOPiv,tBPh-CPhos,p-Xylene,0.153,120,29.39,0.264847749
KOPiv,PCy3 HBF4,p-Xylene,0.153,120,0.0,0.027987971
KOPiv,PPh3,p-Xylene,0.153,120,7.54,0.022147574
KOPiv,X-Phos,p-Xylene,0.153,120,62.15,0.030544243
CsOAc,BrettPhos,p-Xylene,0.153,120,43.9,0.18834297
CsOAc,PPhtBu2,p-Xylene,0.153,120,0.0,0.085623944
CsOAc,tBPh-CPhos,p-Xylene,0.153,120,22.08,0.311415815
CsOAc,PCy3 HBF4,p-Xylene,0.153,120,1.12,0.074586805
CsOAc,PPh3,p-Xylene,0.153,120,11.83,0.068757977
CsOAc,X-Phos,p-Xylene,0.153,120,70.8,0.077170559
CsOPiv,BrettPhos,p-Xylene,0.153,120,26.29,0.229151964
CsOPiv,PPhtBu2,p-Xylene,0.153,120,0.0,0.12649721
CsOPiv,tBPh-CPhos,p-Xylene,0.153,120,29.96,0.352317841
CsOPiv,PCy3 HBF4,p-Xylene,0.153,120,0.83,0.115459012
CsOPiv,PPh3,p-Xylene,0.153,120,4.26,0.109603615
CsOPiv,X-Phos,p-Xylene,0.153,120,68.31,0.118034737
KOAc,P(fur)3,DMAc,0.1,90,9.59,0.038619719
KOAc,PPh2Me,DMAc,0.1,90,1.06,0.027353522
KOAc,GorlosPhos HBF4,DMAc,0.1,90,4.85,0.038419467
KOAc,JackiePhos,DMAc,0.1,90,45.87,0.356143668
KOAc,CgMe-PPh,DMAc,0.1,90,13.19,0.057801699
KOAc,PPhMe2,DMAc,0.1,90,0.0,0.028606294
KOPiv,P(fur)3,DMAc,0.1,90,26.29,0.037573562
KOPiv,PPh2Me,DMAc,0.1,90,0.0,0.026256166
KOPiv,GorlosPhos HBF4,DMAc,0.1,90,10.34,0.037340994
KOPiv,JackiePhos,DMAc,0.1,90,3.51,0.354927254
KOPiv,CgMe-PPh,DMAc,0.1,90,55.7,0.056829946
KOPiv,PPhMe2,DMAc,0.1,90,0.0,0.027511995
CsOAc,P(fur)3,DMAc,0.1,90,17.98,0.0841443519999999
CsOAc,PPh2Me,DMAc,0.1,90,0.0,0.072850912
CsOAc,GorlosPhos HBF4,DMAc,0.1,90,6.93,0.083925909
CsOAc,JackiePhos,DMAc,0.1,90,16.92,0.401560658
CsOAc,CgMe-PPh,DMAc,0.1,90,39.55,0.103378136
CsOAc,PPhMe2,DMAc,0.1,90,0.0,0.0741067409999999
CsOPiv,P(fur)3,DMAc,0.1,90,21.46,0.12502765
CsOPiv,PPh2Me,DMAc,0.1,90,0.0,0.113724178
CsOPiv,GorlosPhos HBF4,DMAc,0.1,90,13.78,0.124818922
CsOPiv,JackiePhos,DMAc,0.1,90,1.26,0.44238878
CsOPiv,CgMe-PPh,DMAc,0.1,90,75.28,0.144354403
CsOPiv,PPhMe2,DMAc,0.1,90,0.0,0.114980007
KOAc,P(fur)3,BuCN,0.1,90,2.55,0.05643395
KOAc,PPh2Me,BuCN,0.1,90,0.0,0.045172764
KOAc,GorlosPhos HBF4,BuCN,0.1,90,3.89,0.056257651
KOAc,JackiePhos,BuCN,0.1,90,19.97,0.373987066
KOAc,CgMe-PPh,BuCN,0.1,90,16.04,0.075709131
KOAc,PPhMe2,BuCN,0.1,90,0.0,0.046428592
KOPiv,P(fur)3,BuCN,0.1,90,26.88,0.055526461
KOPiv,PPh2Me,BuCN,0.1,90,0.0,0.044078464
KOPiv,GorlosPhos HBF4,BuCN,0.1,90,0.0,0.055133483
KOPiv,JackiePhos,BuCN,0.1,90,0.0,0.372739433
KOPiv,CgMe-PPh,BuCN,0.1,90,57.18,0.074930712
KOPiv,PPhMe2,BuCN,0.1,90,0.0,0.045334292
CsOAc,P(fur)3,BuCN,0.1,90,26.28,0.1021166
CsOAc,PPh2Me,BuCN,0.1,90,0.0,0.09067321
CsOAc,GorlosPhos HBF4,BuCN,0.1,90,18.59,0.101870967
CsOAc,JackiePhos,BuCN,0.1,90,32.14,0.419580956
CsOAc,CgMe-PPh,BuCN,0.1,90,57.95,0.12153137
CsOAc,PPhMe2,BuCN,0.1,90,0.0,0.091929038
CsOPiv,P(fur)3,BuCN,0.1,90,31.38,0.143029025
CsOPiv,PPh2Me,BuCN,0.1,90,0.0,0.131546476
CsOPiv,GorlosPhos HBF4,BuCN,0.1,90,24.25,0.142787691
CsOPiv,JackiePhos,BuCN,0.1,90,13.01,0.460307338
CsOPiv,CgMe-PPh,BuCN,0.1,90,37.4,0.162246849
CsOPiv,PPhMe2,BuCN,0.1,90,0.0,0.132802304
KOAc,P(fur)3,BuOAc,0.1,90,5.5,0.050339628
KOAc,PPh2Me,BuOAc,0.1,90,0.0,0.039067086
KOAc,GorlosPhos HBF4,BuOAc,0.1,90,0.79,0.050126549
KOAc,JackiePhos,BuOAc,0.1,90,4.43,0.367752972
KOAc,CgMe-PPh,BuOAc,0.1,90,14.83,0.069563708
KOAc,PPhMe2,BuOAc,0.1,90,0.0,0.040322914
KOPiv,P(fur)3,BuOAc,0.1,90,25.0,0.049355008
KOPiv,PPh2Me,BuOAc,0.1,90,0.0,0.037972786
KOPiv,GorlosPhos HBF4,BuOAc,0.1,90,8.16,0.049073702
KOPiv,JackiePhos,BuOAc,0.1,90,0.0,0.366633755
KOPiv,CgMe-PPh,BuOAc,0.1,90,21.51,0.06850698
KOPiv,PPhMe2,BuOAc,0.1,90,0.0,0.039228614
CsOAc,P(fur)3,BuOAc,0.1,90,16.28,0.095900707
CsOAc,PPh2Me,BuOAc,0.1,90,0.0,0.0845675319999999
CsOAc,GorlosPhos HBF4,BuOAc,0.1,90,2.67,0.095637569
CsOAc,JackiePhos,BuOAc,0.1,90,2.69,0.413243632
CsOAc,CgMe-PPh,BuOAc,0.1,90,24.59,0.11511905
CsOAc,PPhMe2,BuOAc,0.1,90,0.0,0.08582336
CsOPiv,P(fur)3,BuOAc,0.1,90,14.58,0.136764412
CsOPiv,PPh2Me,BuOAc,0.1,90,0.0,0.125440798
CsOPiv,GorlosPhos HBF4,BuOAc,0.1,90,8.88,0.136545764
CsOPiv,JackiePhos,BuOAc,0.1,90,2.21,0.454114198
CsOPiv,CgMe-PPh,BuOAc,0.1,90,17.93,0.155954856
CsOPiv,PPhMe2,BuOAc,0.1,90,0.0,0.126696626
KOAc,P(fur)3,p-Xylene,0.1,90,3.63,0.040931831
KOAc,PPh2Me,p-Xylene,0.1,90,0.0,0.029676975
KOAc,GorlosPhos HBF4,p-Xylene,0.1,90,0.7,0.040734549
KOAc,JackiePhos,p-Xylene,0.1,90,4.95,0.358356011
KOAc,CgMe-PPh,p-Xylene,0.1,90,11.95,0.060133799
KOAc,PPhMe2,p-Xylene,0.1,90,0.0,0.030932803
KOPiv,P(fur)3,p-Xylene,0.1,90,20.46,0.039898956
KOPiv,PPh2Me,p-Xylene,0.1,90,0.0,0.028582675
KOPiv,GorlosPhos HBF4,p-Xylene,0.1,90,4.73,0.039654958
KOPiv,JackiePhos,p-Xylene,0.1,90,8.98,0.357276419
KOPiv,CgMe-PPh,p-Xylene,0.1,90,18.9,0.059064865
KOPiv,PPhMe2,p-Xylene,0.1,90,0.0,0.029838504
CsOAc,P(fur)3,p-Xylene,0.1,90,20.22,0.086492826
CsOAc,PPh2Me,p-Xylene,0.1,90,0.0,0.075177421
CsOAc,GorlosPhos HBF4,p-Xylene,0.1,90,3.17,0.08624401
CsOAc,JackiePhos,p-Xylene,0.1,90,5.5,0.403858464
CsOAc,CgMe-PPh,p-Xylene,0.1,90,23.05,0.105674757
CsOAc,PPhMe2,p-Xylene,0.1,90,0.0,0.07643325
CsOPiv,P(fur)3,p-Xylene,0.1,90,9.6,0.127327332
CsOPiv,PPh2Me,p-Xylene,0.1,90,0.0,0.116050687
CsOPiv,GorlosPhos HBF4,p-Xylene,0.1,90,2.99,0.127116619
CsOPiv,JackiePhos,p-Xylene,0.1,90,7.8,0.444740125
CsOPiv,CgMe-PPh,p-Xylene,0.1,90,8.21,0.146493861
CsOPiv,PPhMe2,p-Xylene,0.1,90,0.0,0.117306516
KOAc,P(fur)3,DMAc,0.1,105,41.9,0.038712862
KOAc,PPh2Me,DMAc,0.1,105,8.23,0.027374191
KOAc,GorlosPhos HBF4,DMAc,0.1,105,13.11,0.038443279
KOAc,JackiePhos,DMAc,0.1,105,75.22,0.3562282779999999
KOAc,CgMe-PPh,DMAc,0.1,105,80.38,0.057995393
KOAc,PPhMe2,DMAc,0.1,105,0.0,0.028606294
KOPiv,P(fur)3,DMAc,0.1,105,73.59,0.037709917
KOPiv,PPh2Me,DMAc,0.1,105,8.85,0.026281679
KOPiv,GorlosPhos HBF4,DMAc,0.1,105,38.15,0.037421164
KOPiv,JackiePhos,DMAc,0.1,105,50.54,0.355062831
KOPiv,CgMe-PPh,DMAc,0.1,105,89.76,0.056928134
KOPiv,PPhMe2,DMAc,0.1,105,0.0,0.027511995
CsOAc,P(fur)3,DMAc,0.1,105,45.21,0.08422285
CsOAc,PPh2Me,DMAc,0.1,105,9.55,0.072878443
CsOAc,GorlosPhos HBF4,DMAc,0.1,105,19.97,0.083963501
CsOAc,JackiePhos,DMAc,0.1,105,41.0,0.401630076
CsOAc,CgMe-PPh,DMAc,0.1,105,83.25,0.103504113
CsOAc,PPhMe2,DMAc,0.1,105,0.0,0.0741067409999999
CsOPiv,P(fur)3,DMAc,0.1,105,49.4,0.125108195
CsOPiv,PPh2Me,DMAc,0.1,105,4.3,0.113736574
CsOPiv,GorlosPhos HBF4,DMAc,0.1,105,40.43,0.124895748
CsOPiv,JackiePhos,DMAc,0.1,105,0.0,0.442385148
CsOPiv,CgMe-PPh,DMAc,0.1,105,91.11,0.144400038
CsOPiv,PPhMe2,DMAc,0.1,105,0.0,0.114980007
KOAc,P(fur)3,BuCN,0.1,105,9.1,0.056484243
KOAc,PPh2Me,BuCN,0.1,105,0.0,0.045172764
KOAc,GorlosPhos HBF4,BuCN,0.1,105,14.36,0.056338042
KOAc,JackiePhos,BuCN,0.1,105,19.82,0.373985915
KOAc,CgMe-PPh,BuCN,0.1,105,54.67,0.07600574
KOAc,PPhMe2,BuCN,0.1,105,0.0,0.046428592
KOPiv,P(fur)3,BuCN,0.1,105,46.99,0.055680869
KOPiv,PPh2Me,BuCN,0.1,105,0.0,0.044078464
KOPiv,GorlosPhos HBF4,BuCN,0.1,105,43.52,0.055467638
KOPiv,JackiePhos,BuCN,0.1,105,16.82,0.37286858
KOPiv,CgMe-PPh,BuCN,0.1,105,76.68,0.075080437
KOPiv,PPhMe2,BuCN,0.1,105,0.0,0.045334292
CsOAc,P(fur)3,BuCN,0.1,105,16.19,0.102039127
CsOAc,PPh2Me,BuCN,0.1,105,0.0,0.09067321
CsOAc,GorlosPhos HBF4,BuCN,0.1,105,33.34,0.10198422
CsOAc,JackiePhos,BuCN,0.1,105,26.69,0.41953911
CsOAc,CgMe-PPh,BuCN,0.1,105,82.33,0.121718564
CsOAc,PPhMe2,BuCN,0.1,105,0.0,0.091929038
CsOPiv,P(fur)3,BuCN,0.1,105,25.08,0.142980652
CsOPiv,PPh2Me,BuCN,0.1,105,0.0,0.131546476
CsOPiv,GorlosPhos HBF4,BuCN,0.1,105,39.42,0.142904169
CsOPiv,JackiePhos,BuCN,0.1,105,11.95,0.4602992
CsOPiv,CgMe-PPh,BuCN,0.1,105,65.69,0.162464065
CsOPiv,PPhMe2,BuCN,0.1,105,0.0,0.132802304
KOAc,P(fur)3,BuOAc,0.1,105,9.87,0.050364208
KOAc,PPh2Me,BuOAc,0.1,105,0.0,0.039067086
KOAc,GorlosPhos HBF4,BuOAc,0.1,105,2.85,0.050138135
KOAc,JackiePhos,BuOAc,0.1,105,7.74,0.367771589
KOAc,CgMe-PPh,BuOAc,0.1,105,41.35,0.069712871
KOAc,PPhMe2,BuOAc,0.1,105,0.0,0.040322914
KOPiv,P(fur)3,BuOAc,0.1,105,18.21,0.049316817
KOPiv,PPh2Me,BuOAc,0.1,105,0.0,0.037972786
KOPiv,GorlosPhos HBF4,BuOAc,0.1,105,20.21,0.049141478
KOPiv,JackiePhos,BuOAc,0.1,105,5.98,0.36666739
KOPiv,CgMe-PPh,BuOAc,0.1,105,36.23,0.068589774
KOPiv,PPhMe2,BuOAc,0.1,105,0.0,0.039228614
CsOAc,P(fur)3,BuOAc,0.1,105,15.72,0.095897558
CsOAc,PPh2Me,BuOAc,0.1,105,0.0,0.0845675319999999
CsOAc,GorlosPhos HBF4,BuOAc,0.1,105,8.11,0.095668167
CsOAc,JackiePhos,BuOAc,0.1,105,3.08,0.413245825
CsOAc,CgMe-PPh,BuOAc,0.1,105,45.01,0.115233903
CsOAc,PPhMe2,BuOAc,0.1,105,0.0,0.08582336
CsOPiv,P(fur)3,BuOAc,0.1,105,14.51,0.136764018
CsOPiv,PPh2Me,BuOAc,0.1,105,0.0,0.125440798
CsOPiv,GorlosPhos HBF4,BuOAc,0.1,105,20.63,0.136611852
CsOPiv,JackiePhos,BuOAc,0.1,105,2.41,0.454115323
CsOPiv,CgMe-PPh,BuOAc,0.1,105,24.0,0.155988997
CsOPiv,PPhMe2,BuOAc,0.1,105,0.0,0.126696626
KOAc,P(fur)3,p-Xylene,0.1,105,8.45,0.040949423
KOAc,PPh2Me,p-Xylene,0.1,105,0.0,0.029676975
KOAc,GorlosPhos HBF4,p-Xylene,0.1,105,0.83,0.040735024
KOAc,JackiePhos,p-Xylene,0.1,105,5.36,0.358357507
KOAc,CgMe-PPh,p-Xylene,0.1,105,35.6,0.060220115
KOAc,PPhMe2,p-Xylene,0.1,105,0.0,0.030932803
KOPiv,P(fur)3,p-Xylene,0.1,105,19.32,0.039894796
KOPiv,PPh2Me,p-Xylene,0.1,105,0.0,0.028582675
KOPiv,GorlosPhos HBF4,p-Xylene,0.1,105,10.98,0.039677769
KOPiv,JackiePhos,p-Xylene,0.1,105,9.9,0.357279777
KOPiv,CgMe-PPh,p-Xylene,0.1,105,32.37,0.059114027
KOPiv,PPhMe2,p-Xylene,0.1,105,0.0,0.029838504
CsOAc,P(fur)3,p-Xylene,0.1,105,30.29,0.086529579
CsOAc,PPh2Me,p-Xylene,0.1,105,0.0,0.075177421
CsOAc,GorlosPhos HBF4,p-Xylene,0.1,105,14.97,0.0862870769999999
CsOAc,JackiePhos,p-Xylene,0.1,105,7.15,0.403864486
CsOAc,CgMe-PPh,p-Xylene,0.1,105,68.35,0.105840091
CsOAc,PPhMe2,p-Xylene,0.1,105,0.0,0.07643325
CsOPiv,P(fur)3,p-Xylene,0.1,105,10.05,0.127328974
CsOPiv,PPh2Me,p-Xylene,0.1,105,0.0,0.116050687
CsOPiv,GorlosPhos HBF4,p-Xylene,0.1,105,9.89,0.127141803
CsOPiv,JackiePhos,p-Xylene,0.1,105,8.06,0.444741073
CsOPiv,CgMe-PPh,p-Xylene,0.1,105,16.46,0.146523971
CsOPiv,PPhMe2,p-Xylene,0.1,105,0.0,0.117306516
KOAc,P(fur)3,DMAc,0.1,120,60.48,0.038766424
KOAc,PPh2Me,DMAc,0.1,120,10.51,0.027380764
KOAc,GorlosPhos HBF4,DMAc,0.1,120,15.42,0.038449938
KOAc,JackiePhos,DMAc,0.1,120,75.12,0.35622799
KOAc,CgMe-PPh,DMAc,0.1,120,83.22,0.05800358
KOAc,PPhMe2,DMAc,0.1,120,3.59,0.028616644
KOPiv,P(fur)3,DMAc,0.1,120,76.02,0.037716922
KOPiv,PPh2Me,DMAc,0.1,120,30.15,0.026343082
KOPiv,GorlosPhos HBF4,DMAc,0.1,120,49.17,0.037452932
KOPiv,JackiePhos,DMAc,0.1,120,70.26,0.35511968
KOPiv,CgMe-PPh,DMAc,0.1,120,87.59,0.056921878
KOPiv,PPhMe2,DMAc,0.1,120,3.35,0.027521652
CsOAc,P(fur)3,DMAc,0.1,120,29.06,0.084176293
CsOAc,PPh2Me,DMAc,0.1,120,4.61,0.072864202
CsOAc,GorlosPhos HBF4,DMAc,0.1,120,26.78,0.0839831319999999
CsOAc,JackiePhos,DMAc,0.1,120,67.63,0.401706844
CsOAc,CgMe-PPh,DMAc,0.1,120,81.63,0.103499443
CsOAc,PPhMe2,DMAc,0.1,120,19.02,0.074161571
CsOPiv,P(fur)3,DMAc,0.1,120,62.32,0.12514544
CsOPiv,PPh2Me,DMAc,0.1,120,3.7,0.113734844
CsOPiv,GorlosPhos HBF4,DMAc,0.1,120,45.17,0.124909413
CsOPiv,JackiePhos,DMAc,0.1,120,13.46,0.44242395
CsOPiv,CgMe-PPh,DMAc,0.1,120,83.85,0.144379109
CsOPiv,PPhMe2,DMAc,0.1,120,0.0,0.114980007
KOAc,P(fur)3,BuCN,0.1,120,13.89,0.056521021
KOAc,PPh2Me,BuCN,0.1,120,0.0,0.045172764
KOAc,GorlosPhos HBF4,BuCN,0.1,120,22.06,0.056397164
KOAc,JackiePhos,BuCN,0.1,120,20.08,0.373987911
KOAc,CgMe-PPh,BuCN,0.1,120,67.57,0.0761047879999999
KOAc,PPhMe2,BuCN,0.1,120,0.0,0.046428592
KOPiv,P(fur)3,BuCN,0.1,120,40.02,0.055627352
KOPiv,PPh2Me,BuCN,0.1,120,0.0,0.044078464
KOPiv,GorlosPhos HBF4,BuCN,0.1,120,56.45,0.055566917
KOPiv,JackiePhos,BuCN,0.1,120,16.47,0.372865893
KOPiv,CgMe-PPh,BuCN,0.1,120,70.51,0.075033062
KOPiv,PPhMe2,BuCN,0.1,120,0.0,0.045334292
CsOAc,P(fur)3,BuCN,0.1,120,13.75,0.102020392
CsOAc,PPh2Me,BuCN,0.1,120,0.0,0.09067321
CsOAc,GorlosPhos HBF4,BuCN,0.1,120,40.61,0.10204004
CsOAc,JackiePhos,BuCN,0.1,120,23.5,0.419514617
CsOAc,CgMe-PPh,BuCN,0.1,120,88.82,0.121768396
CsOAc,PPhMe2,BuCN,0.1,120,0.0,0.091929038
CsOPiv,P(fur)3,BuCN,0.1,120,37.73,0.143077781
CsOPiv,PPh2Me,BuCN,0.1,120,0.0,0.131546476
CsOPiv,GorlosPhos HBF4,BuCN,0.1,120,48.15,0.1429712
CsOPiv,JackiePhos,BuCN,0.1,120,12.12,0.460300505
CsOPiv,CgMe-PPh,BuCN,0.1,120,71.57,0.162509213
CsOPiv,PPhMe2,BuCN,0.1,120,0.0,0.132802304
KOAc,P(fur)3,BuOAc,0.1,120,21.34,0.050428722
KOAc,PPh2Me,BuOAc,0.1,120,0.0,0.039067086
KOAc,GorlosPhos HBF4,BuOAc,0.1,120,11.31,0.050185719
KOAc,JackiePhos,BuOAc,0.1,120,7.82,0.367772039
KOAc,CgMe-PPh,BuOAc,0.1,120,51.37,0.069769229
KOAc,PPhMe2,BuOAc,0.1,120,0.0,0.040322914
KOPiv,P(fur)3,BuOAc,0.1,120,21.0,0.049332509
KOPiv,PPh2Me,BuOAc,0.1,120,0.31,0.03797453
KOPiv,GorlosPhos HBF4,BuOAc,0.1,120,35.43,0.049227084
KOPiv,JackiePhos,BuOAc,0.1,120,6.73,0.366671609
KOPiv,CgMe-PPh,BuOAc,0.1,120,42.62,0.068625715
KOPiv,PPhMe2,BuOAc,0.1,120,0.0,0.039228614
CsOAc,P(fur)3,BuOAc,0.1,120,14.73,0.095891989
CsOAc,PPh2Me,BuOAc,0.1,120,0.0,0.0845675319999999
CsOAc,GorlosPhos HBF4,BuOAc,0.1,120,29.75,0.095789882
CsOAc,JackiePhos,BuOAc,0.1,120,4.06,0.4132513370000001
CsOAc,CgMe-PPh,BuOAc,0.1,120,57.84,0.115306066
CsOAc,PPhMe2,BuOAc,0.1,120,0.0,0.08582336
CsOPiv,P(fur)3,BuOAc,0.1,120,15.21,0.136767955
CsOPiv,PPh2Me,BuOAc,0.1,120,0.0,0.125440798
CsOPiv,GorlosPhos HBF4,BuOAc,0.1,120,42.04,0.136732274
CsOPiv,JackiePhos,BuOAc,0.1,120,2.48,0.454115716
CsOPiv,CgMe-PPh,BuOAc,0.1,120,26.74,0.156004408
CsOPiv,PPhMe2,BuOAc,0.1,120,0.0,0.126696626
KOAc,P(fur)3,p-Xylene,0.1,120,9.72,0.040954058
KOAc,PPh2Me,p-Xylene,0.1,120,0.0,0.029676975
KOAc,GorlosPhos HBF4,p-Xylene,0.1,120,7.43,0.040759112
KOAc,JackiePhos,p-Xylene,0.1,120,7.03,0.358363602
KOAc,CgMe-PPh,p-Xylene,0.1,120,46.75,0.06026081
KOAc,PPhMe2,p-Xylene,0.1,120,0.0,0.030932803
KOPiv,P(fur)3,p-Xylene,0.1,120,16.71,0.03988527
KOPiv,PPh2Me,p-Xylene,0.1,120,0.0,0.028582675
KOPiv,GorlosPhos HBF4,p-Xylene,0.1,120,21.25,0.039715252
KOPiv,JackiePhos,p-Xylene,0.1,120,11.69,0.35728631
KOPiv,CgMe-PPh,p-Xylene,0.1,120,40.85,0.059144977
KOPiv,PPhMe2,p-Xylene,0.1,120,0.0,0.029838504
CsOAc,P(fur)3,p-Xylene,0.1,120,19.04,0.08648852
CsOAc,PPh2Me,p-Xylene,0.1,120,0.0,0.075177421
CsOAc,GorlosPhos HBF4,p-Xylene,0.1,120,21.42,0.086310618
CsOAc,JackiePhos,p-Xylene,0.1,120,8.31,0.40386872
CsOAc,CgMe-PPh,p-Xylene,0.1,120,62.73,0.105819579
CsOAc,PPhMe2,p-Xylene,0.1,120,0.0,0.07643325
CsOPiv,P(fur)3,p-Xylene,0.1,120,14.75,0.127346128
CsOPiv,PPh2Me,p-Xylene,0.1,120,0.0,0.116050687
CsOPiv,GorlosPhos HBF4,p-Xylene,0.1,120,9.03,0.127138664
CsOPiv,JackiePhos,p-Xylene,0.1,120,8.89,0.444744103
CsOPiv,CgMe-PPh,p-Xylene,0.1,120,20.03,0.146537001
CsOPiv,PPhMe2,p-Xylene,0.1,120,0.0,0.117306516
KOAc,P(fur)3,DMAc,0.057,90,14.53,0.048761592
KOAc,PPh2Me,DMAc,0.057,90,7.3,0.037499142
KOAc,GorlosPhos HBF4,DMAc,0.057,90,3.06,0.048541938
KOAc,JackiePhos,DMAc,0.057,90,72.24,0.366347319
KOAc,CgMe-PPh,DMAc,0.057,90,30.41,0.067978972
KOAc,PPhMe2,DMAc,0.057,90,0.0,0.038733926
KOPiv,P(fur)3,DMAc,0.057,90,26.56,0.047701972
KOPiv,PPh2Me,DMAc,0.057,90,5.02,0.036398269
KOPiv,GorlosPhos HBF4,DMAc,0.057,90,12.98,0.047476236
KOPiv,JackiePhos,DMAc,0.057,90,7.12,0.365065293
KOPiv,CgMe-PPh,DMAc,0.057,90,62.75,0.066977902
KOPiv,PPhMe2,DMAc,0.057,90,0.0,0.037639626
CsOAc,P(fur)3,DMAc,0.057,90,18.38,0.094273137
CsOAc,PPh2Me,DMAc,0.057,90,7.32,0.082999646
CsOAc,GorlosPhos HBF4,DMAc,0.057,90,5.38,0.094049073
CsOAc,JackiePhos,DMAc,0.057,90,40.47,0.411756179
CsOAc,CgMe-PPh,DMAc,0.057,90,38.8,0.113503605
CsOAc,PPhMe2,DMAc,0.057,90,0.0,0.0842343719999999
CsOPiv,P(fur)3,DMAc,0.057,90,21.65,0.135155829
CsOPiv,PPh2Me,DMAc,0.057,90,3.43,0.123861698
CsOPiv,GorlosPhos HBF4,DMAc,0.057,90,11.07,0.134938742
CsOPiv,JackiePhos,DMAc,0.057,90,2.72,0.45252062
CsOPiv,CgMe-PPh,DMAc,0.057,90,65.32,0.154453322
CsOPiv,PPhMe2,DMAc,0.057,90,0.0,0.125107638
KOAc,P(fur)3,BuCN,0.057,90,2.62,0.079292383
KOAc,PPh2Me,BuCN,0.057,90,0.0,0.068030658
KOAc,GorlosPhos HBF4,BuCN,0.057,90,4.98,0.079123915
KOAc,JackiePhos,BuCN,0.057,90,20.5,0.396849031
KOAc,CgMe-PPh,BuCN,0.057,90,17.45,0.098577852
KOAc,PPhMe2,BuCN,0.057,90,0.0,0.069286487
KOPiv,P(fur)3,BuCN,0.057,90,37.93,0.0784692
KOPiv,PPh2Me,BuCN,0.057,90,0.0,0.066936358
KOPiv,GorlosPhos HBF4,BuCN,0.057,90,28.17,0.0782076729999999
KOPiv,JackiePhos,BuCN,0.057,90,16.57,0.395724556
KOPiv,CgMe-PPh,BuCN,0.057,90,51.32,0.097743613
KOPiv,PPhMe2,BuCN,0.057,90,0.0,0.068192187
CsOAc,P(fur)3,BuCN,0.057,90,12.91,0.124871837
CsOAc,PPh2Me,BuCN,0.057,90,0.0,0.113531104
CsOAc,GorlosPhos HBF4,BuCN,0.057,90,21.15,0.124748518
CsOAc,JackiePhos,BuCN,0.057,90,23.51,0.442372588
CsOAc,CgMe-PPh,BuCN,0.057,90,57.85,0.144388497
CsOAc,PPhMe2,BuCN,0.057,90,0.0,0.114786933
CsOPiv,P(fur)3,BuCN,0.057,90,26.3,0.165847914
CsOPiv,PPh2Me,BuCN,0.057,90,0.0,0.15440437
CsOPiv,GorlosPhos HBF4,BuCN,0.057,90,29.23,0.165683823
CsOPiv,JackiePhos,BuCN,0.057,90,11.65,0.483154791
CsOPiv,CgMe-PPh,BuCN,0.057,90,43.22,0.185149431
CsOPiv,PPhMe2,BuCN,0.057,90,0.0,0.155660199
KOAc,P(fur)3,BuOAc,0.057,90,3.78,0.068887849
KOAc,PPh2Me,BuOAc,0.057,90,0.0,0.05762498
KOAc,GorlosPhos HBF4,BuOAc,0.057,90,3.14,0.068697661
KOAc,JackiePhos,BuOAc,0.057,90,3.77,0.386307155
KOAc,CgMe-PPh,BuOAc,0.057,90,12.61,0.088109116
KOAc,PPhMe2,BuOAc,0.057,90,0.0,0.058880809
KOPiv,P(fur)3,BuOAc,0.057,90,15.73,0.067860763
KOPiv,PPh2Me,BuOAc,0.057,90,0.0,0.056530681
KOPiv,GorlosPhos HBF4,BuOAc,0.057,90,3.04,0.067602799
KOPiv,JackiePhos,BuOAc,0.057,90,3.67,0.385212292
KOPiv,CgMe-PPh,BuOAc,0.057,90,17.63,0.087043051
KOPiv,PPhMe2,BuOAc,0.057,90,0.0,0.057786509
CsOAc,P(fur)3,BuOAc,0.057,90,13.72,0.114444203
CsOAc,PPh2Me,BuOAc,0.057,90,0.0,0.103125427
CsOAc,GorlosPhos HBF4,BuOAc,0.057,90,8.14,0.11422623
CsOAc,JackiePhos,BuOAc,0.057,90,1.79,0.431796464
CsOAc,CgMe-PPh,BuOAc,0.057,90,20.2,0.133652252
CsOAc,PPhMe2,BuOAc,0.057,90,0.0,0.104381255
CsOPiv,P(fur)3,BuOAc,0.057,90,13.13,0.1553141509999999
CsOPiv,PPh2Me,BuOAc,0.057,90,0.0,0.143998693
CsOPiv,GorlosPhos HBF4,BuOAc,0.057,90,11.0,0.155115582
CsOPiv,JackiePhos,BuOAc,0.057,90,0.99,0.472665231
CsOPiv,CgMe-PPh,BuOAc,0.057,90,14.68,0.174494471
CsOPiv,PPhMe2,BuOAc,0.057,90,0.0,0.145254521
KOAc,P(fur)3,p-Xylene,0.057,90,2.65,0.052696675
KOAc,PPh2Me,p-Xylene,0.057,90,0.0,0.041445396
KOAc,GorlosPhos HBF4,p-Xylene,0.057,90,0.0,0.052500415
KOAc,JackiePhos,p-Xylene,0.057,90,3.79,0.370120198
KOAc,CgMe-PPh,p-Xylene,0.057,90,8.45,0.071889446
KOAc,PPhMe2,p-Xylene,0.057,90,0.0,0.042701224
KOPiv,P(fur)3,p-Xylene,0.057,90,15.86,0.051650589
KOPiv,PPh2Me,p-Xylene,0.057,90,0.0,0.040351096
KOPiv,GorlosPhos HBF4,p-Xylene,0.057,90,0.0,0.051406116
KOPiv,JackiePhos,p-Xylene,0.057,90,7.25,0.369038526
KOPiv,CgMe-PPh,p-Xylene,0.057,90,16.15,0.070823249
KOPiv,PPhMe2,p-Xylene,0.057,90,0.0,0.041606925
CsOAc,P(fur)3,p-Xylene,0.057,90,15.92,0.098245554
CsOAc,PPh2Me,p-Xylene,0.057,90,0.0,0.086945842
CsOAc,GorlosPhos HBF4,p-Xylene,0.057,90,1.12,0.098004949
CsOAc,JackiePhos,p-Xylene,0.057,90,5.48,0.415626812
CsOAc,CgMe-PPh,p-Xylene,0.057,90,28.4,0.117462704
CsOAc,PPhMe2,p-Xylene,0.057,90,0.0,0.088201671
CsOPiv,P(fur)3,p-Xylene,0.057,90,7.59,0.139088417
CsOPiv,PPh2Me,p-Xylene,0.057,90,0.0,0.127819108
CsOPiv,GorlosPhos HBF4,p-Xylene,0.057,90,0.76,0.138876901
CsOPiv,JackiePhos,p-Xylene,0.057,90,0.0,0.456480078
CsOPiv,CgMe-PPh,p-Xylene,0.057,90,0.4,0.158233777
CsOPiv,PPhMe2,p-Xylene,0.057,90,0.0,0.129074937
KOAc,P(fur)3,DMAc,0.057,105,39.39,0.048833258
KOAc,PPh2Me,DMAc,0.057,105,14.36,0.037519494
KOAc,GorlosPhos HBF4,DMAc,0.057,105,10.03,0.048562031
KOAc,JackiePhos,DMAc,0.057,105,87.62,0.366391656
KOAc,CgMe-PPh,DMAc,0.057,105,67.21,0.068085059
KOAc,PPhMe2,DMAc,0.057,105,0.0,0.038733926
KOPiv,P(fur)3,DMAc,0.057,105,64.12,0.047810249
KOPiv,PPh2Me,DMAc,0.057,105,22.92,0.036449871
KOPiv,GorlosPhos HBF4,DMAc,0.057,105,27.93,0.047519333
KOPiv,JackiePhos,DMAc,0.057,105,54.07,0.365200639
KOPiv,CgMe-PPh,DMAc,0.057,105,90.39,0.067057582
KOPiv,PPhMe2,DMAc,0.057,105,0.0,0.037639626
CsOAc,P(fur)3,DMAc,0.057,105,44.25,0.094347714
CsOAc,PPh2Me,DMAc,0.057,105,20.41,0.083037381
CsOAc,GorlosPhos HBF4,DMAc,0.057,105,12.61,0.094069915
CsOAc,JackiePhos,DMAc,0.057,105,71.97,0.4118469870000001
CsOAc,CgMe-PPh,DMAc,0.057,105,91.39,0.11365521
CsOAc,PPhMe2,DMAc,0.057,105,0.0,0.0842343719999999
CsOPiv,P(fur)3,DMAc,0.057,105,46.33,0.135226976
CsOPiv,PPh2Me,DMAc,0.057,105,14.24,0.12389286
CsOPiv,GorlosPhos HBF4,DMAc,0.057,105,24.03,0.134976102
CsOPiv,JackiePhos,DMAc,0.057,105,9.52,0.452540223
CsOPiv,CgMe-PPh,DMAc,0.057,105,91.06,0.154527525
CsOPiv,PPhMe2,DMAc,0.057,105,0.0,0.125107638
KOAc,P(fur)3,BuCN,0.057,105,8.17,0.079334997
KOAc,PPh2Me,BuCN,0.057,105,0.0,0.068030658
KOAc,GorlosPhos HBF4,BuCN,0.057,105,13.79,0.07919156
KOAc,JackiePhos,BuCN,0.057,105,24.09,0.396876595
KOAc,CgMe-PPh,BuCN,0.057,105,36.66,0.09872535
KOAc,PPhMe2,BuCN,0.057,105,0.0,0.069286487
KOPiv,P(fur)3,BuCN,0.057,105,43.79,0.078514194
KOPiv,PPh2Me,BuCN,0.057,105,1.52,0.066948029
KOPiv,GorlosPhos HBF4,BuCN,0.057,105,49.19,0.078369068
KOPiv,JackiePhos,BuCN,0.057,105,15.64,0.395717415
KOPiv,CgMe-PPh,BuCN,0.057,105,76.85,0.097939637
KOPiv,PPhMe2,BuCN,0.057,105,0.0,0.068192187
CsOAc,P(fur)3,BuCN,0.057,105,20.05,0.12492666
CsOAc,PPh2Me,BuCN,0.057,105,0.04,0.113531412
CsOAc,GorlosPhos HBF4,BuCN,0.057,105,36.9,0.124869449
CsOAc,JackiePhos,BuCN,0.057,105,23.83,0.442375045
CsOAc,CgMe-PPh,BuCN,0.057,105,67.85,0.144465279
CsOAc,PPhMe2,BuCN,0.057,105,0.0,0.114786933
CsOPiv,P(fur)3,BuCN,0.057,105,34.47,0.165910645
CsOPiv,PPh2Me,BuCN,0.057,105,0.53,0.15440844
CsOPiv,GorlosPhos HBF4,BuCN,0.057,105,46.17,0.165813892
CsOPiv,JackiePhos,BuCN,0.057,105,10.68,0.483147343
CsOPiv,CgMe-PPh,BuCN,0.057,105,11.18,0.184903422
CsOPiv,PPhMe2,BuCN,0.057,105,0.0,0.155660199
KOAc,P(fur)3,BuOAc,0.057,105,8.43,0.068914003
KOAc,PPh2Me,BuOAc,0.057,105,0.0,0.05762498
KOAc,GorlosPhos HBF4,BuOAc,0.057,105,2.21,0.06869243
KOAc,JackiePhos,BuOAc,0.057,105,5.59,0.386317391
KOAc,CgMe-PPh,BuOAc,0.057,105,35.64,0.08823865
KOAc,PPhMe2,BuOAc,0.057,105,0.0,0.058880809
KOPiv,P(fur)3,BuOAc,0.057,105,16.31,0.067864025
KOPiv,PPh2Me,BuOAc,0.057,105,0.0,0.056530681
KOPiv,GorlosPhos HBF4,BuOAc,0.057,105,10.68,0.067645771
KOPiv,JackiePhos,BuOAc,0.057,105,4.15,0.385214992
KOPiv,CgMe-PPh,BuOAc,0.057,105,30.75,0.087116846
KOPiv,PPhMe2,BuOAc,0.057,105,0.0,0.057786509
CsOAc,P(fur)3,BuOAc,0.057,105,14.5,0.11444859
CsOAc,PPh2Me,BuOAc,0.057,105,0.0,0.103125427
CsOAc,GorlosPhos HBF4,BuOAc,0.057,105,22.02,0.114304299
CsOAc,JackiePhos,BuOAc,0.057,105,3.37,0.431805351
CsOAc,CgMe-PPh,BuOAc,0.057,105,38.53,0.133755351
CsOAc,PPhMe2,BuOAc,0.057,105,0.0,0.104381255
CsOPiv,P(fur)3,BuOAc,0.057,105,14.84,0.155323769
CsOPiv,PPh2Me,BuOAc,0.057,105,0.0,0.143998693
CsOPiv,GorlosPhos HBF4,BuOAc,0.057,105,33.41,0.155241629
CsOPiv,JackiePhos,BuOAc,0.057,105,1.3,0.472666974
CsOPiv,CgMe-PPh,BuOAc,0.057,105,19.84,0.1745234939999999
CsOPiv,PPhMe2,BuOAc,0.057,105,0.0,0.145254521
KOAc,P(fur)3,p-Xylene,0.057,105,4.99,0.052705216
KOAc,PPh2Me,p-Xylene,0.057,105,0.0,0.041445396
KOAc,GorlosPhos HBF4,p-Xylene,0.057,105,1.47,0.05250578
KOAc,JackiePhos,p-Xylene,0.057,105,5.45,0.370126256
KOAc,CgMe-PPh,p-Xylene,0.057,105,25.69,0.071952367
KOAc,PPhMe2,p-Xylene,0.057,105,0.0,0.042701224
KOPiv,P(fur)3,p-Xylene,0.057,105,14.68,0.051646282
KOPiv,PPh2Me,p-Xylene,0.057,105,0.0,0.040351096
KOPiv,GorlosPhos HBF4,p-Xylene,0.057,105,24.06,0.051493928
KOPiv,JackiePhos,p-Xylene,0.057,105,8.93,0.369044658
KOPiv,CgMe-PPh,p-Xylene,0.057,105,17.0,0.070826351
KOPiv,PPhMe2,p-Xylene,0.057,105,0.0,0.041606925
CsOAc,P(fur)3,p-Xylene,0.057,105,16.85,0.098248948
CsOAc,PPh2Me,p-Xylene,0.057,105,0.0,0.086945842
CsOAc,GorlosPhos HBF4,p-Xylene,0.057,105,0.0,0.098000862
CsOAc,JackiePhos,p-Xylene,0.057,105,6.15,0.415629258
CsOAc,CgMe-PPh,p-Xylene,0.057,105,41.1,0.117509056
CsOAc,PPhMe2,p-Xylene,0.057,105,0.0,0.088201671
CsOPiv,P(fur)3,p-Xylene,0.057,105,7.12,0.1390867019999999
CsOPiv,PPh2Me,p-Xylene,0.057,105,0.0,0.127819108
CsOPiv,GorlosPhos HBF4,p-Xylene,0.057,105,12.53,0.138919859
CsOPiv,JackiePhos,p-Xylene,0.057,105,6.96,0.45650548
CsOPiv,CgMe-PPh,p-Xylene,0.057,105,11.91,0.158275786
CsOPiv,PPhMe2,p-Xylene,0.057,105,0.0,0.129074937
KOAc,P(fur)3,DMAc,0.057,120,62.04,0.048898553
KOAc,PPh2Me,DMAc,0.057,120,12.01,0.03751272
KOAc,GorlosPhos HBF4,DMAc,0.057,120,13.87,0.048573101
KOAc,JackiePhos,DMAc,0.057,120,89.14,0.366396038
KOAc,CgMe-PPh,DMAc,0.057,120,96.64,0.068169899
KOAc,PPhMe2,DMAc,0.057,120,3.33,0.038743526
KOPiv,P(fur)3,DMAc,0.057,120,83.62,0.047866463
KOPiv,PPh2Me,DMAc,0.057,120,28.06,0.036464688
KOPiv,GorlosPhos HBF4,DMAc,0.057,120,36.29,0.047543433
KOPiv,JackiePhos,DMAc,0.057,120,82.13,0.36528153
KOPiv,CgMe-PPh,DMAc,0.057,120,89.95,0.0670563129999999
KOPiv,PPhMe2,DMAc,0.057,120,2.15,0.037645824
CsOAc,P(fur)3,DMAc,0.057,120,78.6,0.094446738
CsOAc,PPh2Me,DMAc,0.057,120,18.16,0.083030895
CsOAc,GorlosPhos HBF4,DMAc,0.057,120,16.77,0.094081907
CsOAc,JackiePhos,DMAc,0.057,120,81.48,0.411874402
CsOAc,CgMe-PPh,DMAc,0.057,120,95.48,0.113667001
CsOAc,PPhMe2,DMAc,0.057,120,5.9,0.084251381
CsOPiv,P(fur)3,DMAc,0.057,120,50.7,0.135239574
CsOPiv,PPh2Me,DMAc,0.057,120,9.36,0.123878793
CsOPiv,GorlosPhos HBF4,DMAc,0.057,120,27.88,0.134987201
CsOPiv,JackiePhos,DMAc,0.057,120,22.07,0.452576402
CsOPiv,CgMe-PPh,DMAc,0.057,120,92.03,0.154530321
CsOPiv,PPhMe2,DMAc,0.057,120,0.0,0.125107638
KOAc,P(fur)3,BuCN,0.057,120,12.25,0.079366324
KOAc,PPh2Me,BuCN,0.057,120,0.0,0.068030658
KOAc,GorlosPhos HBF4,BuCN,0.057,120,20.95,0.0792465359999999
KOAc,JackiePhos,BuCN,0.057,120,21.88,0.3968596270000001
KOAc,CgMe-PPh,BuCN,0.057,120,76.66,0.099032478
KOAc,PPhMe2,BuCN,0.057,120,0.0,0.069286487
KOPiv,P(fur)3,BuCN,0.057,120,31.53,0.078420059
KOPiv,PPh2Me,BuCN,0.057,120,0.0,0.066936358
KOPiv,GorlosPhos HBF4,BuCN,0.057,120,64.48,0.078486468
KOPiv,JackiePhos,BuCN,0.057,120,16.07,0.395720716
KOPiv,CgMe-PPh,BuCN,0.057,120,77.52,0.097944781
KOPiv,PPhMe2,BuCN,0.057,120,0.0,0.068192187
CsOAc,P(fur)3,BuCN,0.057,120,25.45,0.124968122
CsOAc,PPh2Me,BuCN,0.057,120,0.0,0.113531104
CsOAc,GorlosPhos HBF4,BuCN,0.057,120,49.09,0.124963046
CsOAc,JackiePhos,BuCN,0.057,120,23.23,0.442370438
CsOAc,CgMe-PPh,BuCN,0.057,120,50.74,0.144333905
CsOAc,PPhMe2,BuCN,0.057,120,0.0,0.114786933
CsOPiv,P(fur)3,BuCN,0.057,120,23.81,0.165828796
CsOPiv,PPh2Me,BuCN,0.057,120,0.0,0.15440437
CsOPiv,GorlosPhos HBF4,BuCN,0.057,120,58.13,0.165905723
CsOPiv,JackiePhos,BuCN,0.057,120,11.26,0.483151796
CsOPiv,CgMe-PPh,BuCN,0.057,120,75.46,0.185396976
CsOPiv,PPhMe2,BuCN,0.057,120,0.0,0.155660199
KOAc,P(fur)3,BuOAc,0.057,120,9.35,0.068919178
KOAc,PPh2Me,BuOAc,0.057,120,0.0,0.05762498
KOAc,GorlosPhos HBF4,BuOAc,0.057,120,0.0,0.0686799999999999
KOAc,JackiePhos,BuOAc,0.057,120,5.16,0.386314973
KOAc,CgMe-PPh,BuOAc,0.057,120,46.42,0.0882992819999999
KOAc,PPhMe2,BuOAc,0.057,120,0.0,0.058880809
KOPiv,P(fur)3,BuOAc,0.057,120,14.81,0.067855588
KOPiv,PPh2Me,BuOAc,0.057,120,0.0,0.056530681
KOPiv,GorlosPhos HBF4,BuOAc,0.057,120,38.63,0.067802977
KOPiv,JackiePhos,BuOAc,0.057,120,3.96,0.385213924
KOPiv,CgMe-PPh,BuOAc,0.057,120,33.69,0.087133382
KOPiv,PPhMe2,BuOAc,0.057,120,0.0,0.057786509
CsOAc,P(fur)3,BuOAc,0.057,120,12.14,0.114435316
CsOAc,PPh2Me,BuOAc,0.057,120,0.0,0.103125427
CsOAc,GorlosPhos HBF4,BuOAc,0.057,120,34.4,0.114373931
CsOAc,JackiePhos,BuOAc,0.057,120,2.45,0.431800176
CsOAc,CgMe-PPh,BuOAc,0.057,120,38.65,0.133756026
CsOAc,PPhMe2,BuOAc,0.057,120,0.0,0.104381255
CsOPiv,P(fur)3,BuOAc,0.057,120,10.59,0.155299864
CsOPiv,PPh2Me,BuOAc,0.057,120,0.0,0.143998693
CsOPiv,GorlosPhos HBF4,BuOAc,0.057,120,13.52,0.155129756
CsOPiv,JackiePhos,BuOAc,0.057,120,1.23,0.47266658
CsOPiv,CgMe-PPh,BuOAc,0.057,120,19.71,0.174522762
CsOPiv,PPhMe2,BuOAc,0.057,120,0.0,0.145254521
KOAc,P(fur)3,p-Xylene,0.057,120,4.66,0.052704011
KOAc,PPh2Me,p-Xylene,0.057,120,0.0,0.041445396
KOAc,GorlosPhos HBF4,p-Xylene,0.057,120,0.0,0.052500415
KOAc,JackiePhos,p-Xylene,0.057,120,5.4,0.370126074
KOAc,CgMe-PPh,p-Xylene,0.057,120,31.14,0.071972258
KOAc,PPhMe2,p-Xylene,0.057,120,0.0,0.042701224
KOPiv,P(fur)3,p-Xylene,0.057,120,9.88,0.051628763
KOPiv,PPh2Me,p-Xylene,0.057,120,0.0,0.040351096
KOPiv,GorlosPhos HBF4,p-Xylene,0.057,120,4.02,0.051420788
KOPiv,JackiePhos,p-Xylene,0.057,120,8.9,0.369044548
KOPiv,CgMe-PPh,p-Xylene,0.057,120,26.39,0.070860622
KOPiv,PPhMe2,p-Xylene,0.057,120,0.0,0.041606925
CsOAc,P(fur)3,p-Xylene,0.057,120,11.72,0.098230225
CsOAc,PPh2Me,p-Xylene,0.057,120,0.0,0.086945842
CsOAc,GorlosPhos HBF4,p-Xylene,0.057,120,21.94,0.098080937
CsOAc,JackiePhos,p-Xylene,0.057,120,6.44,0.415630316
CsOAc,CgMe-PPh,p-Xylene,0.057,120,59.82,0.117577379
CsOAc,PPhMe2,p-Xylene,0.057,120,0.0,0.088201671
CsOPiv,P(fur)3,p-Xylene,0.057,120,5.15,0.139079512
CsOPiv,PPh2Me,p-Xylene,0.057,120,0.0,0.127819108
CsOPiv,GorlosPhos HBF4,p-Xylene,0.057,120,3.69,0.138887595
CsOPiv,JackiePhos,p-Xylene,0.057,120,7.03,0.456505735
CsOPiv,CgMe-PPh,p-Xylene,0.057,120,12.23,0.158276954
CsOPiv,PPhMe2,p-Xylene,0.057,120,0.0,0.129074937
KOAc,P(fur)3,DMAc,0.153,90,10.13,0.033970786
KOAc,PPh2Me,DMAc,0.153,90,3.02,0.022708682
KOAc,GorlosPhos HBF4,DMAc,0.153,90,9.14,0.033781344
KOAc,JackiePhos,DMAc,0.153,90,36.97,0.351467522
KOAc,CgMe-PPh,DMAc,0.153,90,28.9,0.053196497
KOAc,PPhMe2,DMAc,0.153,90,0.0,0.023955804
KOPiv,P(fur)3,DMAc,0.153,90,37.37,0.032955013
KOPiv,PPh2Me,DMAc,0.153,90,2.29,0.021612277
KOPiv,GorlosPhos HBF4,DMAc,0.153,90,30.03,0.032747265
KOPiv,JackiePhos,DMAc,0.153,90,2.9,0.350275005
KOPiv,CgMe-PPh,DMAc,0.153,90,61.09,0.052194994
KOPiv,PPhMe2,DMAc,0.153,90,0.0,0.022861504
CsOAc,P(fur)3,DMAc,0.153,90,24.55,0.079512802
CsOAc,PPh2Me,DMAc,0.153,90,3.61,0.068210829
CsOAc,GorlosPhos HBF4,DMAc,0.153,90,14.72,0.0792978759999999
CsOAc,JackiePhos,DMAc,0.153,90,11.77,0.3968953220000001
CsOAc,CgMe-PPh,DMAc,0.153,90,43.84,0.098740012
CsOAc,PPhMe2,DMAc,0.153,90,0.0,0.06945625
CsOPiv,P(fur)3,DMAc,0.153,90,31.66,0.120406564
CsOPiv,PPh2Me,DMAc,0.153,90,1.36,0.109077609
CsOPiv,GorlosPhos HBF4,DMAc,0.153,90,23.23,0.120195674
CsOPiv,JackiePhos,DMAc,0.153,90,0.97,0.437737454
CsOPiv,CgMe-PPh,DMAc,0.153,90,84.03,0.139729137
CsOPiv,PPhMe2,DMAc,0.153,90,0.0,0.110329516
KOAc,P(fur)3,BuCN,0.153,90,5.7,0.045962058
KOAc,PPh2Me,BuCN,0.153,90,0.0,0.034676685
KOAc,GorlosPhos HBF4,BuCN,0.153,90,5.26,0.045772092
KOAc,JackiePhos,BuCN,0.153,90,24.05,0.363522315
KOAc,CgMe-PPh,BuCN,0.153,90,19.99,0.065243382
KOAc,PPhMe2,BuCN,0.153,90,0.0,0.035932514
KOPiv,P(fur)3,BuCN,0.153,90,52.2,0.045224794
KOPiv,PPh2Me,BuCN,0.153,90,0.0,0.033582385
KOPiv,GorlosPhos HBF4,BuCN,0.153,90,14.99,0.0447525009999999
KOPiv,JackiePhos,BuCN,0.153,90,22.3,0.362414578
KOPiv,CgMe-PPh,BuCN,0.153,90,52.23,0.064396627
KOPiv,PPhMe2,BuCN,0.153,90,0.0,0.034838214
CsOAc,P(fur)3,BuCN,0.153,90,29.45,0.091644861
CsOAc,PPh2Me,BuCN,0.153,90,0.0,0.080177131
CsOAc,GorlosPhos HBF4,BuCN,0.153,90,16.44,0.09135838
CsOAc,JackiePhos,BuCN,0.153,90,36.32,0.409116973
CsOAc,CgMe-PPh,BuCN,0.153,90,63.2,0.111075602
CsOAc,PPhMe2,BuCN,0.153,90,0.0,0.08143296
CsOPiv,P(fur)3,BuCN,0.153,90,44.4,0.132632916
CsOPiv,PPh2Me,BuCN,0.153,90,0.0,0.121050397
CsOPiv,GorlosPhos HBF4,BuCN,0.153,90,18.19,0.132245083
CsOPiv,JackiePhos,BuCN,0.153,90,16.91,0.449841205
CsOPiv,CgMe-PPh,BuCN,0.153,90,36.73,0.151745627
CsOPiv,PPhMe2,BuCN,0.153,90,0.0,0.122306226
KOAc,P(fur)3,BuOAc,0.153,90,10.04,0.041843595
KOAc,PPh2Me,BuOAc,0.153,90,0.0,0.030545517
KOAc,GorlosPhos HBF4,BuOAc,0.153,90,0.0,0.041600537
KOAc,JackiePhos,BuOAc,0.153,90,4.39,0.359231178
KOAc,CgMe-PPh,BuOAc,0.153,90,16.83,0.061053388
KOAc,PPhMe2,BuOAc,0.153,90,0.0,0.031801346
KOPiv,P(fur)3,BuOAc,0.153,90,33.6,0.04088181
KOPiv,PPh2Me,BuOAc,0.153,90,0.0,0.029451217
KOPiv,GorlosPhos HBF4,BuOAc,0.153,90,5.65,0.040538016
KOPiv,JackiePhos,BuOAc,0.153,90,5.68,0.358144134
KOPiv,CgMe-PPh,BuOAc,0.153,90,22.65,0.059991823
KOPiv,PPhMe2,BuOAc,0.153,90,0.0,0.030707046
CsOAc,P(fur)3,BuOAc,0.153,90,34.6,0.0874821809999999
CsOAc,PPh2Me,BuOAc,0.153,90,0.0,0.076045963
CsOAc,GorlosPhos HBF4,BuOAc,0.153,90,4.16,0.087124381
CsOAc,JackiePhos,BuOAc,0.153,90,3.38,0.404725944
CsOAc,CgMe-PPh,BuOAc,0.153,90,31.58,0.106636797
CsOAc,PPhMe2,BuOAc,0.153,90,0.0,0.077301792
CsOPiv,P(fur)3,BuOAc,0.153,90,25.64,0.128305051
CsOPiv,PPh2Me,BuOAc,0.153,90,0.0,0.116919229
CsOPiv,GorlosPhos HBF4,BuOAc,0.153,90,9.39,0.128027064
CsOPiv,JackiePhos,BuOAc,0.153,90,2.77,0.445595779
CsOPiv,CgMe-PPh,BuOAc,0.153,90,18.93,0.147438912
CsOPiv,PPhMe2,BuOAc,0.153,90,0.0,0.118175058
KOAc,P(fur)3,p-Xylene,0.153,90,10.66,0.035553567
KOAc,PPh2Me,p-Xylene,0.153,90,0.0,0.024273053
KOAc,GorlosPhos HBF4,p-Xylene,0.153,90,0.18,0.03532873
KOAc,JackiePhos,p-Xylene,0.153,90,6.73,0.352958586
KOAc,CgMe-PPh,p-Xylene,0.153,90,16.95,0.054748126
KOAc,PPhMe2,p-Xylene,0.153,90,0.0,0.025528882
KOPiv,P(fur)3,p-Xylene,0.153,90,37.3,0.034556497
KOPiv,PPh2Me,p-Xylene,0.153,90,0.0,0.023178753
KOPiv,GorlosPhos HBF4,p-Xylene,0.153,90,2.49,0.034242861
KOPiv,JackiePhos,p-Xylene,0.153,90,9.96,0.351876074
KOPiv,CgMe-PPh,p-Xylene,0.153,90,20.67,0.053667403
KOPiv,PPhMe2,p-Xylene,0.153,90,0.0,0.024434582
CsOAc,P(fur)3,p-Xylene,0.153,90,40.04,0.081161243
CsOAc,PPh2Me,p-Xylene,0.153,90,0.0,0.069773499
CsOAc,GorlosPhos HBF4,p-Xylene,0.153,90,1.65,0.080834541
CsOAc,JackiePhos,p-Xylene,0.153,90,6.77,0.398459178
CsOAc,CgMe-PPh,p-Xylene,0.153,90,44.22,0.100348101
CsOAc,PPhMe2,p-Xylene,0.153,90,0.0,0.071029328
CsOPiv,P(fur)3,p-Xylene,0.153,90,18.95,0.121957536
CsOPiv,PPh2Me,p-Xylene,0.153,90,0.0,0.110646765
CsOPiv,GorlosPhos HBF4,p-Xylene,0.153,90,0.93,0.121705179
CsOPiv,JackiePhos,p-Xylene,0.153,90,9.32,0.439341751
CsOPiv,CgMe-PPh,p-Xylene,0.153,90,13.02,0.141107495
CsOPiv,PPhMe2,p-Xylene,0.153,90,0.0,0.111902594
KOAc,P(fur)3,DMAc,0.153,105,32.04,0.034033947
KOAc,PPh2Me,DMAc,0.153,105,3.79,0.022710901
KOAc,GorlosPhos HBF4,DMAc,0.153,105,21.77,0.033817753
KOAc,JackiePhos,DMAc,0.153,105,63.88,0.351545097
KOAc,CgMe-PPh,DMAc,0.153,105,87.0,0.053363987
KOAc,PPhMe2,DMAc,0.153,105,0.0,0.023955804
KOPiv,P(fur)3,DMAc,0.153,105,64.46,0.033033107
KOPiv,PPh2Me,DMAc,0.153,105,2.77,0.021613661
KOPiv,GorlosPhos HBF4,DMAc,0.153,105,72.45,0.032869553
KOPiv,JackiePhos,DMAc,0.153,105,11.68,0.350300316
KOPiv,CgMe-PPh,DMAc,0.153,105,98.49,0.05230281
KOPiv,PPhMe2,DMAc,0.153,105,0.0,0.022861504
CsOAc,P(fur)3,DMAc,0.153,105,52.56,0.079593548
CsOAc,PPh2Me,DMAc,0.153,105,3.24,0.068209762
CsOAc,GorlosPhos HBF4,DMAc,0.153,105,59.83,0.079427918
CsOAc,JackiePhos,DMAc,0.153,105,22.3,0.396925677
CsOAc,CgMe-PPh,DMAc,0.153,105,100.0,0.098901909
CsOAc,PPhMe2,DMAc,0.153,105,0.0,0.06945625
CsOPiv,P(fur)3,DMAc,0.153,105,55.96,0.120476616
CsOPiv,PPh2Me,DMAc,0.153,105,0.0,0.109073688
CsOPiv,GorlosPhos HBF4,DMAc,0.153,105,76.34,0.120348779
CsOPiv,JackiePhos,DMAc,0.153,105,2.84,0.437742845
CsOPiv,CgMe-PPh,DMAc,0.153,105,100.0,0.139775175
CsOPiv,PPhMe2,DMAc,0.153,105,0.0,0.110329516
KOAc,P(fur)3,BuCN,0.153,105,11.61,0.046007436
KOAc,PPh2Me,BuCN,0.153,105,0.0,0.034676685
KOAc,GorlosPhos HBF4,BuCN,0.153,105,11.6,0.045820772
KOAc,JackiePhos,BuCN,0.153,105,21.86,0.3635055
KOAc,CgMe-PPh,BuCN,0.153,105,50.75,0.065479563
KOAc,PPhMe2,BuCN,0.153,105,0.0,0.035932514
KOPiv,P(fur)3,BuCN,0.153,105,57.68,0.0452668709999999
KOPiv,PPh2Me,BuCN,0.153,105,0.0,0.033582385
KOPiv,GorlosPhos HBF4,BuCN,0.153,105,30.77,0.044873663
KOPiv,JackiePhos,BuCN,0.153,105,23.1,0.362420721
KOPiv,CgMe-PPh,BuCN,0.153,105,69.2,0.064526925
KOPiv,PPhMe2,BuCN,0.153,105,0.0,0.034838214
CsOAc,P(fur)3,BuCN,0.153,105,31.29,0.091658989
CsOAc,PPh2Me,BuCN,0.153,105,0.0,0.080177131
CsOAc,GorlosPhos HBF4,BuCN,0.153,105,28.37,0.091449981
CsOAc,JackiePhos,BuCN,0.153,105,32.74,0.409089485
CsOAc,CgMe-PPh,BuCN,0.153,105,96.38,0.111330365
CsOAc,PPhMe2,BuCN,0.153,105,0.0,0.08143296
CsOPiv,P(fur)3,BuCN,0.153,105,52.69,0.132696569
CsOPiv,PPh2Me,BuCN,0.153,105,0.0,0.121050397
CsOPiv,GorlosPhos HBF4,BuCN,0.153,105,29.82,0.13233438
CsOPiv,JackiePhos,BuCN,0.153,105,13.99,0.449818785
CsOPiv,CgMe-PPh,BuCN,0.153,105,53.52,0.151874543
CsOPiv,PPhMe2,BuCN,0.153,105,0.0,0.122306226
KOAc,P(fur)3,BuOAc,0.153,105,14.19,0.041866937
KOAc,PPh2Me,BuOAc,0.153,105,0.0,0.030545517
KOAc,GorlosPhos HBF4,BuOAc,0.153,105,1.31,0.041607905
KOAc,JackiePhos,BuOAc,0.153,105,6.18,0.359241246
KOAc,CgMe-PPh,BuOAc,0.153,105,38.53,0.061175441
KOAc,PPhMe2,BuOAc,0.153,105,0.0,0.031801346
KOPiv,P(fur)3,BuOAc,0.153,105,36.7,0.040899246
KOPiv,PPh2Me,BuOAc,0.153,105,0.0,0.029451217
KOPiv,GorlosPhos HBF4,BuOAc,0.153,105,13.22,0.040580594
KOPiv,JackiePhos,BuOAc,0.153,105,6.7,0.358149871
KOPiv,CgMe-PPh,BuOAc,0.153,105,32.43,0.060046832
KOPiv,PPhMe2,BuOAc,0.153,105,0.0,0.030707046
CsOAc,P(fur)3,BuOAc,0.153,105,34.53,0.0874817869999999
CsOAc,PPh2Me,BuOAc,0.153,105,0.0,0.076045963
CsOAc,GorlosPhos HBF4,BuOAc,0.153,105,5.13,0.0871298369999999
CsOAc,JackiePhos,BuOAc,0.153,105,4.09,0.404729937
CsOAc,CgMe-PPh,BuOAc,0.153,105,50.69,0.106744282
CsOAc,PPhMe2,BuOAc,0.153,105,0.0,0.077301792
CsOPiv,P(fur)3,BuOAc,0.153,105,27.05,0.128312981
CsOPiv,PPh2Me,BuOAc,0.153,105,0.0,0.116919229
CsOPiv,GorlosPhos HBF4,BuOAc,0.153,105,9.03,0.128025039
CsOPiv,JackiePhos,BuOAc,0.153,105,3.13,0.445597804
CsOPiv,CgMe-PPh,BuOAc,0.153,105,22.88,0.147461129
CsOPiv,PPhMe2,BuOAc,0.153,105,0.0,0.118175058
KOAc,P(fur)3,p-Xylene,0.153,105,11.69,0.035557326
KOAc,PPh2Me,p-Xylene,0.153,105,0.0,0.024273053
KOAc,GorlosPhos HBF4,p-Xylene,0.153,105,0.83,0.035331102
KOAc,JackiePhos,p-Xylene,0.153,105,7.61,0.352961797
KOAc,CgMe-PPh,p-Xylene,0.153,105,41.64,0.054838238
KOAc,PPhMe2,p-Xylene,0.153,105,0.0,0.025528882
KOPiv,P(fur)3,p-Xylene,0.153,105,37.71,0.0345579929999999
KOPiv,PPh2Me,p-Xylene,0.153,105,0.22,0.023179556
KOPiv,GorlosPhos HBF4,p-Xylene,0.153,105,4.92,0.03425173
KOPiv,JackiePhos,p-Xylene,0.153,105,12.77,0.35188633
KOPiv,CgMe-PPh,p-Xylene,0.153,105,31.32,0.053706273
KOPiv,PPhMe2,p-Xylene,0.153,105,0.0,0.024434582
CsOAc,P(fur)3,p-Xylene,0.153,105,53.25,0.081209456
CsOAc,PPh2Me,p-Xylene,0.153,105,0.0,0.069773499
CsOAc,GorlosPhos HBF4,p-Xylene,0.153,105,6.96,0.080853921
CsOAc,JackiePhos,p-Xylene,0.153,105,10.93,0.398474361
CsOAc,CgMe-PPh,p-Xylene,0.153,105,80.69,0.100481207
CsOAc,PPhMe2,p-Xylene,0.153,105,0.0,0.071029328
CsOPiv,P(fur)3,p-Xylene,0.153,105,15.44,0.121944725
CsOPiv,PPh2Me,p-Xylene,0.153,105,0.0,0.110646765
CsOPiv,GorlosPhos HBF4,p-Xylene,0.153,105,4.53,0.121718318
CsOPiv,JackiePhos,p-Xylene,0.153,105,10.46,0.439345911
CsOPiv,CgMe-PPh,p-Xylene,0.153,105,19.28,0.141130342
CsOPiv,PPhMe2,p-Xylene,0.153,105,0.0,0.111902594
KOAc,P(fur)3,DMAc,0.153,120,52.08,0.034091718
KOAc,PPh2Me,DMAc,0.153,120,7.5,0.022721597
KOAc,GorlosPhos HBF4,DMAc,0.153,120,14.06,0.033795527
KOAc,JackiePhos,DMAc,0.153,120,85.21,0.351606587
KOAc,CgMe-PPh,DMAc,0.153,120,98.38,0.053396793
KOAc,PPhMe2,DMAc,0.153,120,2.78,0.023963818
KOPiv,P(fur)3,DMAc,0.153,120,78.93,0.033074821
KOPiv,PPh2Me,DMAc,0.153,120,2.64,0.021613286
KOPiv,GorlosPhos HBF4,DMAc,0.153,120,61.33,0.032837496
KOPiv,JackiePhos,DMAc,0.153,120,43.12,0.350390951
KOPiv,CgMe-PPh,DMAc,0.153,120,99.81,0.0523066159999999
KOPiv,PPhMe2,DMAc,0.153,120,0.0,0.022861504
CsOAc,P(fur)3,DMAc,0.153,120,74.3,0.07965622
CsOAc,PPh2Me,DMAc,0.153,120,2.33,0.068207139
CsOAc,GorlosPhos HBF4,DMAc,0.153,120,40.26,0.079371502
CsOAc,JackiePhos,DMAc,0.153,120,39.57,0.396975463
CsOAc,CgMe-PPh,DMAc,0.153,120,99.22,0.098899661
CsOAc,PPhMe2,DMAc,0.153,120,2.79,0.069464293
CsOPiv,P(fur)3,DMAc,0.153,120,68.17,0.120511814
CsOPiv,PPh2Me,DMAc,0.153,120,10.49,0.109103928
CsOPiv,GorlosPhos HBF4,DMAc,0.153,120,54.83,0.12028677
CsOPiv,JackiePhos,DMAc,0.153,120,5.65,0.437750945
CsOPiv,CgMe-PPh,DMAc,0.153,120,92.19,0.139752661
CsOPiv,PPhMe2,DMAc,0.153,120,0.0,0.110329516
KOAc,P(fur)3,BuCN,0.153,120,3.04,0.045941634
KOAc,PPh2Me,BuCN,0.153,120,0.0,0.034676685
KOAc,GorlosPhos HBF4,BuCN,0.153,120,19.95,0.045884884
KOAc,JackiePhos,BuCN,0.153,120,20.72,0.363496747
KOAc,CgMe-PPh,BuCN,0.153,120,80.86,0.065710753
KOAc,PPhMe2,BuCN,0.153,120,0.0,0.035932514
KOPiv,P(fur)3,BuCN,0.153,120,53.11,0.045231781
KOPiv,PPh2Me,BuCN,0.153,120,0.0,0.033582385
KOPiv,GorlosPhos HBF4,BuCN,0.153,120,45.37,0.044985764
KOPiv,JackiePhos,BuCN,0.153,120,20.51,0.362400834
KOPiv,CgMe-PPh,BuCN,0.153,120,80.65,0.0646148409999999
KOPiv,PPhMe2,BuCN,0.153,120,0.0,0.034838214
CsOAc,P(fur)3,BuCN,0.153,120,30.17,0.09165039
CsOAc,PPh2Me,BuCN,0.153,120,0.0,0.080177131
CsOAc,GorlosPhos HBF4,BuCN,0.153,120,36.46,0.091512098
CsOAc,JackiePhos,BuCN,0.153,120,27.41,0.40904856
CsOAc,CgMe-PPh,BuCN,0.153,120,99.98,0.111358006
CsOAc,PPhMe2,BuCN,0.153,120,0.0,0.08143296
CsOPiv,P(fur)3,BuCN,0.153,120,49.48,0.132671922
CsOPiv,PPh2Me,BuCN,0.153,120,0.0,0.121050397
CsOPiv,GorlosPhos HBF4,BuCN,0.153,120,39.2,0.132406402
CsOPiv,JackiePhos,BuCN,0.153,120,13.79,0.449817249
CsOPiv,CgMe-PPh,BuCN,0.153,120,71.81,0.152014977
CsOPiv,PPhMe2,BuCN,0.153,120,0.0,0.122306226
KOAc,P(fur)3,BuOAc,0.153,120,13.12,0.041860919
KOAc,PPh2Me,BuOAc,0.153,120,0.0,0.030545517
KOAc,GorlosPhos HBF4,BuOAc,0.153,120,8.2,0.041646658
KOAc,JackiePhos,BuOAc,0.153,120,6.48,0.359242934
KOAc,CgMe-PPh,BuOAc,0.153,120,52.47,0.061253848
KOAc,PPhMe2,BuOAc,0.153,120,0.0,0.031801346
KOPiv,P(fur)3,BuOAc,0.153,120,31.43,0.040869605
KOPiv,PPh2Me,BuOAc,0.153,120,0.0,0.029451217
KOPiv,GorlosPhos HBF4,BuOAc,0.153,120,26.48,0.040655175
KOPiv,JackiePhos,BuOAc,0.153,120,6.87,0.358150828
KOPiv,CgMe-PPh,BuOAc,0.153,120,45.73,0.060121638
KOPiv,PPhMe2,BuOAc,0.153,120,0.0,0.030707046
CsOAc,P(fur)3,BuOAc,0.153,120,53.61,0.087589104
CsOAc,PPh2Me,BuOAc,0.153,120,0.0,0.076045963
CsOAc,GorlosPhos HBF4,BuOAc,0.153,120,23.3,0.087232035
CsOAc,JackiePhos,BuOAc,0.153,120,4.87,0.404734325
CsOAc,CgMe-PPh,BuOAc,0.153,120,62.33,0.106809752
CsOAc,PPhMe2,BuOAc,0.153,120,1.8,0.077311916
CsOPiv,P(fur)3,BuOAc,0.153,120,21.09,0.128279459
CsOPiv,PPh2Me,BuOAc,0.153,120,0.0,0.116919229
CsOPiv,GorlosPhos HBF4,BuOAc,0.153,120,22.22,0.1280992269999999
CsOPiv,JackiePhos,BuOAc,0.153,120,3.18,0.445598085
CsOPiv,CgMe-PPh,BuOAc,0.153,120,26.69,0.147482559
CsOPiv,PPhMe2,BuOAc,0.153,120,0.0,0.118175058
KOAc,P(fur)3,p-Xylene,0.153,120,11.99,0.035558421
KOAc,PPh2Me,p-Xylene,0.153,120,0.0,0.024273053
KOAc,GorlosPhos HBF4,p-Xylene,0.153,120,4.87,0.035345847
KOAc,JackiePhos,p-Xylene,0.153,120,7.88,0.3529627829999999
KOAc,CgMe-PPh,p-Xylene,0.153,120,60.29,0.054906306
KOAc,PPhMe2,p-Xylene,0.153,120,0.0,0.025528882
KOPiv,P(fur)3,p-Xylene,0.153,120,23.8,0.034507225
KOPiv,PPh2Me,p-Xylene,0.153,120,0.0,0.023178753
KOPiv,GorlosPhos HBF4,p-Xylene,0.153,120,17.56,0.034297863
KOPiv,JackiePhos,p-Xylene,0.153,120,13.33,0.351888374
KOPiv,CgMe-PPh,p-Xylene,0.153,120,44.47,0.053754267
KOPiv,PPhMe2,p-Xylene,0.153,120,0.0,0.024434582
CsOAc,P(fur)3,p-Xylene,0.153,120,53.02,0.081208617
CsOAc,PPh2Me,p-Xylene,0.153,120,0.0,0.069773499
CsOAc,GorlosPhos HBF4,p-Xylene,0.153,120,11.49,0.080870455
CsOAc,JackiePhos,p-Xylene,0.153,120,10.77,0.398473777
CsOAc,CgMe-PPh,p-Xylene,0.153,120,91.19,0.100519529
CsOAc,PPhMe2,p-Xylene,0.153,120,0.0,0.071029328
CsOPiv,P(fur)3,p-Xylene,0.153,120,14.29,0.121940528
CsOPiv,PPh2Me,p-Xylene,0.153,120,1.6,0.110652605
CsOPiv,GorlosPhos HBF4,p-Xylene,0.153,120,8.39,0.121732406
CsOPiv,JackiePhos,p-Xylene,0.153,120,13.34,0.439356423
CsOPiv,CgMe-PPh,p-Xylene,0.153,120,19.13,0.141129795
CsOPiv,PPhMe2,p-Xylene,0.153,120,0.0,0.111902594
