drug_input,solid_lipid,solid_lipid_input,liquid_lipid_input,surfractant_input,drug_loading,encap_efficiency,particle_diameter
6,Stearic_acid,120,0,0.0,0.0019846911700342,0.0397740188243651,2.71782475275849
6,Stearic_acid,120,0,0.0025,0.0055606201951665,0.1118452909489137,3.259465418928601
6,Stearic_acid,120,0,0.005,0.0107560443899412,0.1930191486119415,3.601794950681912
6,Stearic_acid,120,0,0.01,0.0084028158472978,0.1941150791670665,3.635672749218724
6,Stearic_acid,120,12,0.0,0.001873123285736,0.0388517624039806,2.5592941908849243
6,Stearic_acid,120,12,0.0025,0.0066871582949047,0.1300958040256086,3.461838281086503
6,Stearic_acid,120,12,0.005,0.0104184931382396,0.192061151908865,3.6017773057522957
6,Stearic_acid,120,12,0.01,0.0082550236218674,0.1903032454638913,3.637636071261116
6,Stearic_acid,120,24,0.0,0.0018597729957693,0.0384106863525105,2.5907122893291903
6,Stearic_acid,120,24,0.0025,0.0066895571705498,0.1301212811993847,3.475018029589016
6,Stearic_acid,120,24,0.005,0.010362391946583,0.1877527271475744,3.6021578994732057
6,Stearic_acid,120,24,0.01,0.0081622325920681,0.1861856985645796,3.637009851373915
6,Stearic_acid,120,48,0.0,0.0018913199747936,0.0388292654988571,2.6186468270468186
6,Stearic_acid,120,48,0.0025,0.0066954231618343,0.1345400348120106,3.4781394000299426
6,Stearic_acid,120,48,0.005,0.0099655881572985,0.1858985278868179,3.5976855028817467
6,Stearic_acid,120,48,0.01,0.0078322343488482,0.1885197412061539,3.637020803265748
6,Stearic_acid,108,0,0.0,0.0019402965830903,0.0387635704243417,2.545189002685095
6,Stearic_acid,108,0,0.0025,0.0070733574388596,0.1358014662941898,3.473340751224683
6,Stearic_acid,108,0,0.005,0.0111829566574637,0.1955447668928818,3.597980429975956
6,Stearic_acid,108,0,0.01,0.0084684112997933,0.1877869092449377,3.6369795827442415
6,Stearic_acid,108,12,0.0,0.0016749841386063,0.0335584265672171,2.596390234236829
6,Stearic_acid,108,12,0.0025,0.0063142157093006,0.1270882910081098,3.4436502627960968
6,Stearic_acid,108,12,0.005,0.0109974883962291,0.1953824993874209,3.599999360926368
6,Stearic_acid,108,12,0.01,0.0084405669499488,0.1911011821417032,3.637805305079424
6,Stearic_acid,108,24,0.0,0.0019202160333659,0.0390285814193456,2.5892376770777057
6,Stearic_acid,108,24,0.0025,0.0069951342295166,0.1376184013679096,3.475950308413838
6,Stearic_acid,108,24,0.005,0.0107611077816475,0.1946362223455076,3.5975359476394
6,Stearic_acid,108,24,0.01,0.0085354079465138,0.1964666289273737,3.637121293645689
6,Stearic_acid,108,48,0.0,0.0019767246666785,0.0397614000393364,2.6500703724125536
6,Stearic_acid,108,48,0.0025,0.0071332574966852,0.1363101547258202,3.4882677192721303
6,Stearic_acid,108,48,0.005,0.0100233698915853,0.1953009671829387,3.600651495775993
6,Stearic_acid,108,48,0.01,0.0081507745300339,0.1881917028427454,3.63732720469186
6,Stearic_acid,96,0,0.0,0.00200782361768,0.0398069675570511,2.5828556720554
6,Stearic_acid,96,0,0.0025,0.0075015421120506,0.1400231072068361,3.4565814968441986
6,Stearic_acid,96,0,0.005,0.0117263063217823,0.1995958557120144,3.599861034275595
6,Stearic_acid,96,0,0.01,0.0086012153588359,0.1946494544302368,3.637414150329251
6,Stearic_acid,96,12,0.0,0.0019833526050551,0.0398946289013281,2.582665876350419
6,Stearic_acid,96,12,0.0025,0.0076598217116562,0.1413667583780886,3.4761407068598627
6,Stearic_acid,96,12,0.005,0.0118949612765835,0.2055989266521825,3.600880504478138
6,Stearic_acid,96,12,0.01,0.0084964978889055,0.1961975788560782,3.637837268736879
6,Stearic_acid,96,24,0.0,0.0019921160304796,0.0399220091162019,2.525712804052039
6,Stearic_acid,96,24,0.0025,0.0072193773462525,0.1454390871958799,3.4471482079035534
6,Stearic_acid,96,24,0.005,0.0111630799911791,0.2006519742885428,3.5986655772331013
6,Stearic_acid,96,24,0.01,0.0083868640433013,0.1952827153665053,3.6370194333117873
6,Stearic_acid,96,48,0.0,0.0020302962362499,0.0403738664560547,2.6687730922428523
6,Stearic_acid,96,48,0.0025,0.0073962877577222,0.1455971077379819,3.5064605492041
6,Stearic_acid,96,48,0.005,0.0106135589655424,0.1992343741998139,3.595460239063182
6,Stearic_acid,96,48,0.01,0.008522469548767,0.1975706902349787,3.636594033582521
6,Stearic_acid,72,0,0.0,0.0021588958832036,0.0422397539864578,2.56263255390639
6,Stearic_acid,72,0,0.0025,0.0085043005158669,0.1537953014920002,3.480022618464894
6,Stearic_acid,72,0,0.005,0.0130053406235173,0.2163506321643264,3.595436996284966
6,Stearic_acid,72,0,0.01,0.009237826946861,0.2070318745052239,3.63678833871929
6,Stearic_acid,72,12,0.0,0.002137414190187,0.0414984044351782,2.620050917628736
6,Stearic_acid,72,12,0.0025,0.0083941922175866,0.1537567262252988,3.4926884987846947
6,Stearic_acid,72,12,0.005,0.0123410272756483,0.214520873194058,3.59634394644122
6,Stearic_acid,72,12,0.01,0.0089101839806291,0.2032590907428291,3.636692823129791
6,Stearic_acid,72,24,0.0,0.0022034703551276,0.0423797197963943,2.687075284361133
6,Stearic_acid,72,24,0.0025,0.0086386026297026,0.1572217224686137,3.51028121728821
6,Stearic_acid,72,24,0.005,0.01214673803751,0.2117780907337771,3.59272250991024
6,Stearic_acid,72,24,0.01,0.0089173332669664,0.1978496530106543,3.6364697392850314
6,Stearic_acid,72,48,0.0,0.0026621458247371,0.0533891256733558,2.8053366243751148
6,Stearic_acid,72,48,0.0025,0.009424153427099,0.1902801456224471,3.6434465568390086
6,Stearic_acid,72,48,0.005,0.0118190403925883,0.2164964999075404,3.59440122208232
6,Stearic_acid,72,48,0.01,0.0087273452720466,0.2002022347396713,3.63595181154948
6,Compritol_888,120,0,0.0,0.0015437692435177,0.0309235171696149,1.629593065055699
6,Compritol_888,120,0,0.0025,0.0167606605611948,0.3409304543877905,1.093495228806861
6,Compritol_888,120,0,0.005,0.0198209197047411,0.4044539871173915,1.529022905270386
6,Compritol_888,120,0,0.01,0.0158981694371882,0.3231054742763935,1.7015855406741869
6,Compritol_888,120,12,0.0,0.0024720609771433,0.0487524339607678,1.121015227791487
6,Compritol_888,120,12,0.0025,0.014607589590497,0.3260810679433625,0.8787128871441325
6,Compritol_888,120,12,0.005,0.0150964777995694,0.2980902999120564,1.2574382334482137
6,Compritol_888,120,12,0.01,0.0168707156074485,0.3378656754715372,1.4970190018855252
6,Compritol_888,120,24,0.0,0.0024645405293409,0.0466140270609008,1.173401860425108
6,Compritol_888,120,24,0.0025,0.014148520208771,0.3145813090010787,0.9251427468685238
6,Compritol_888,120,24,0.005,0.0144864721471965,0.2985716591157243,1.2383816359342024
6,Compritol_888,120,24,0.01,0.0163810663601346,0.3406220497080401,1.4755807534392082
6,Compritol_888,120,48,0.0,0.0022657324677698,0.0443740678539911,1.254465756975953
6,Compritol_888,120,48,0.0025,0.0129748818981233,0.2999530482208136,0.997039921564734
6,Compritol_888,120,48,0.005,0.0134224128389825,0.2993013962835458,1.2277780694077198
6,Compritol_888,120,48,0.01,0.0154333086809357,0.3435072009172591,1.4193342334356835
6,Compritol_888,108,0,0.0,0.0026112587317774,0.0495605124851719,1.1259940601300544
6,Compritol_888,108,0,0.0025,0.0155224769550297,0.3300320685940938,0.8889405205504937
6,Compritol_888,108,0,0.005,0.0156530202687521,0.303821600422762,1.264814644610714
6,Compritol_888,108,0,0.01,0.0181777456151137,0.3445266571107698,1.489130587844858
6,Compritol_888,108,12,0.0,0.001442771315528,0.0289001618684241,1.445948596597984
6,Compritol_888,108,12,0.0025,0.0140355126219807,0.2847100820904151,1.0978725003736367
6,Compritol_888,108,12,0.005,0.0141119127287679,0.28628018841231,1.514981830139605
6,Compritol_888,108,12,0.01,0.0162196106011932,0.3297631530766798,1.6352873315985608
6,Compritol_888,108,24,0.0,0.002458331229939,0.0463709757693648,1.211609176417887
6,Compritol_888,108,24,0.0025,0.0144893609030799,0.3166140570232971,0.9499194599218757
6,Compritol_888,108,24,0.005,0.014815599706954,0.3068239149925944,1.2410411591948831
6,Compritol_888,108,24,0.01,0.0172257795421729,0.3507705792920998,1.4184338481258991
6,Compritol_888,108,48,0.0,0.0022947493758908,0.0437085572464462,1.2680723762635209
6,Compritol_888,108,48,0.0025,0.0132733589327869,0.2979978016143412,1.0324173826287657
6,Compritol_888,108,48,0.005,0.0140196143847993,0.3064896593167568,1.198521542565141
6,Compritol_888,108,48,0.01,0.0158126277340002,0.3506099545539732,1.4056444247580782
6,Compritol_888,96,0,0.0,0.0026727923607828,0.0499328149134996,1.1442202202872538
6,Compritol_888,96,0,0.0025,0.0159939180603678,0.3342594990654035,0.8959563065706583
6,Compritol_888,96,0,0.005,0.016322851121443,0.3106751055658724,1.25037312835985
6,Compritol_888,96,0,0.01,0.0188582819025532,0.3543283009237373,1.477499021314212
6,Compritol_888,96,12,0.0,0.0025936261804841,0.0477018132325457,1.175525921555396
6,Compritol_888,96,12,0.0025,0.0152712402671881,0.3226082409222982,0.9598485364848952
6,Compritol_888,96,12,0.005,0.0156779407422995,0.3117619181873795,1.228128508178047
6,Compritol_888,96,12,0.01,0.0181016956136002,0.3546150142675359,1.4289347019671808
6,Compritol_888,96,24,0.0,0.0012049719439314,0.0241308243727598,1.5909049651869127
6,Compritol_888,96,24,0.0025,0.0144212919007159,0.2926589779165221,0.7649130350632505
6,Compritol_888,96,24,0.005,0.0151516424053278,0.3077095920507314,0.8397544999920155
6,Compritol_888,96,24,0.01,0.0163897057103596,0.3333000449393319,1.4776806516290533
6,Compritol_888,96,48,0.0,0.0023177341268174,0.0439297486213171,1.3060593246161614
6,Compritol_888,96,48,0.0025,0.0136656363904587,0.2990360483733375,1.0472861624622185
6,Compritol_888,96,48,0.005,0.0142010261205114,0.314197028482078,1.1781743216799987
6,Compritol_888,96,48,0.01,0.0165041455897391,0.3607418359577632,1.3587005693852725
6,Compritol_888,72,0,0.0,0.0027630475191566,0.0485221193667891,1.2082430009606877
6,Compritol_888,72,0,0.0025,0.0173197246710044,0.3309363736222468,0.9892004782988856
6,Compritol_888,72,0,0.005,0.0171143772762714,0.3244234341025672,1.235795117384643
6,Compritol_888,72,0,0.01,0.020119918287824,0.366818080517503,1.428079352442634
6,Compritol_888,72,12,0.0,0.002702617110844,0.04779071307373,1.256977785730118
6,Compritol_888,72,12,0.0025,0.0164835971385386,0.3237260148305686,1.015079923989679
6,Compritol_888,72,12,0.005,0.0167182357731299,0.3264540959326719,1.1954671286240472
6,Compritol_888,72,12,0.01,0.0192000817673188,0.3718147391112689,1.406127409960295
6,Compritol_888,72,24,0.0,0.0025158116744404,0.0453408779375153,1.3110009821994482
6,Compritol_888,72,24,0.0025,0.0156255152617266,0.312515274262022,1.050906504287756
6,Compritol_888,72,24,0.005,0.0161561595753258,0.3261736164995952,1.1867420688970722
6,Compritol_888,72,24,0.01,0.0188213473093324,0.372817464596686,1.3891318104646115
6,Compritol_888,72,48,0.0,0.0013131159733134,0.0262987050526072,1.128182713766308
6,Compritol_888,72,48,0.0025,0.0160317592442895,0.3258998150075154,1.0969818104273084
6,Compritol_888,72,48,0.005,0.0150183584319404,0.3050049100381152,1.6043607139103064
6,Compritol_888,72,48,0.01,0.0184094047390304,0.37511858990363,0.9709896273793596
6,Glyceryl_monostearate,120,0,0.0,0.0032305143591025,0.0648243537514833,1.5107245886931722
6,Glyceryl_monostearate,120,0,0.0025,0.0057947091713799,0.1165839847811991,1.3569228547872398
6,Glyceryl_monostearate,120,0,0.005,0.0074140871870531,0.1851759961398423,3.568502583007592
6,Glyceryl_monostearate,120,0,0.01,0.0046541198919725,0.1571961442214353,3.6380512930838367
6,Glyceryl_monostearate,120,12,0.0,0.0032979547846305,0.0691565188968004,1.5541781468086917
6,Glyceryl_monostearate,120,12,0.0025,0.005747774823193,0.1126088281090315,2.1485097815877583
6,Glyceryl_monostearate,120,12,0.005,0.0069753143353151,0.1782858319519182,3.5660800148592657
6,Glyceryl_monostearate,120,12,0.01,0.0044348210877037,0.1572578894528686,3.638833113038488
6,Glyceryl_monostearate,120,24,0.0,0.0032061362987077,0.0681768075700746,1.5550859120682023
6,Glyceryl_monostearate,120,24,0.0025,0.0054396119522828,0.1058676482487707,2.190357104437294
6,Glyceryl_monostearate,120,24,0.005,0.0068035529191864,0.1744276377336871,3.569314965706326
6,Glyceryl_monostearate,120,24,0.01,0.0043377890203081,0.1511151646046198,3.638091844108068
6,Glyceryl_monostearate,120,48,0.0,0.0031599729495543,0.0659440522076367,1.5483461865252266
6,Glyceryl_monostearate,120,48,0.0025,0.0050194927259956,0.0992657115583931,2.2316579549738367
6,Glyceryl_monostearate,120,48,0.005,0.0062216205965211,0.1654493872794434,3.5759691474927644
6,Glyceryl_monostearate,120,48,0.01,0.0043880154228203,0.1554233202232039,3.6373574539719
6,Glyceryl_monostearate,108,0,0.0,0.0035410295762027,0.0727789387491371,1.512975671737289
6,Glyceryl_monostearate,108,0,0.0025,0.0061955629206174,0.1177179972559752,2.1782620121458085
6,Glyceryl_monostearate,108,0,0.005,0.0074125598172751,0.189154584543899,3.5761118200709325
6,Glyceryl_monostearate,108,0,0.01,0.0047300104423226,0.1570840261854243,3.63718727008665
6,Glyceryl_monostearate,108,12,0.0,0.0018217833467985,0.0365030462069218,1.439960781991647
6,Glyceryl_monostearate,108,12,0.0025,0.0055327687195585,0.1112824592309856,2.223645179709204
6,Glyceryl_monostearate,108,12,0.005,0.0071724934358448,0.1813032630227005,3.569692933682145
6,Glyceryl_monostearate,108,12,0.01,0.00468465637385,0.1591614041420506,3.63760671980401
6,Glyceryl_monostearate,108,24,0.0,0.0034411231478073,0.0695004586795824,1.5214027974372093
6,Glyceryl_monostearate,108,24,0.0025,0.005574835153636,0.1062653206690223,2.216242399038165
6,Glyceryl_monostearate,108,24,0.005,0.0067641982808791,0.177573330210106,3.578963501142947
6,Glyceryl_monostearate,108,24,0.01,0.0046666298318882,0.1617258036383405,3.637361650907128
6,Glyceryl_monostearate,108,48,0.0,0.003227962262896,0.0656779506514863,1.5236513054852123
6,Glyceryl_monostearate,108,48,0.0025,0.0051023256662518,0.0979052226246959,2.219556001302768
6,Glyceryl_monostearate,108,48,0.005,0.0064523274195056,0.1654499874143603,3.5872519373864904
6,Glyceryl_monostearate,108,48,0.01,0.0043153134191198,0.163445793091918,3.638182179801023
6,Glyceryl_monostearate,96,0,0.0,0.0036007925765675,0.072217207807373,1.545285304969565
6,Glyceryl_monostearate,96,0,0.0025,0.0063745930997772,0.117185242459081,2.1876650887904585
6,Glyceryl_monostearate,96,0,0.005,0.0076493887507583,0.1917255346166617,3.5796359492364704
6,Glyceryl_monostearate,96,0,0.01,0.0048365167580894,0.1575117114251962,3.6372302262701655
6,Glyceryl_monostearate,96,12,0.0,0.0035831728510473,0.0709411830645565,1.5794523669632368
6,Glyceryl_monostearate,96,12,0.0025,0.0059818245506895,0.110652702581235,2.185101202538218
6,Glyceryl_monostearate,96,12,0.005,0.0073565148220184,0.1832220263964424,3.580914673551272
6,Glyceryl_monostearate,96,12,0.01,0.0046014872383415,0.1601298074646238,3.637561348786394
6,Glyceryl_monostearate,96,24,0.0,0.0020508932373824,0.0411070026057914,1.655174304260727
6,Glyceryl_monostearate,96,24,0.0025,0.0039855143509032,0.0800313612507798,2.096790362874206
6,Glyceryl_monostearate,96,24,0.005,0.006965853998665,0.1793964291849891,3.5864450867476068
6,Glyceryl_monostearate,96,24,0.01,0.004745476743516,0.1590920243914513,3.636805552152108
6,Glyceryl_monostearate,96,48,0.0,0.0033995037596302,0.0671130093854427,1.5395550294220894
6,Glyceryl_monostearate,96,48,0.0025,0.0052840109112966,0.0979472101387302,2.210388069128638
6,Glyceryl_monostearate,96,48,0.005,0.0064592608937986,0.1616227231408651,3.587590836519906
6,Glyceryl_monostearate,96,48,0.01,0.0046519392881091,0.1644709231196828,3.636436115429132
6,Glyceryl_monostearate,72,0,0.0,0.0039817424410837,0.074604321171542,1.5327335545854532
6,Glyceryl_monostearate,72,0,0.0025,0.0066809574615971,0.1150167919424426,2.2138145465052808
6,Glyceryl_monostearate,72,0,0.005,0.0079786527250056,0.1874476657357907,3.5828615039021274
6,Glyceryl_monostearate,72,0,0.01,0.0049348660036064,0.1629272064214586,3.637085939932671
6,Glyceryl_monostearate,72,12,0.0,0.0037917136763916,0.0723917895537063,1.5133893446219513
6,Glyceryl_monostearate,72,12,0.0025,0.0063712275959613,0.1116531264676455,2.253562288169854
6,Glyceryl_monostearate,72,12,0.005,0.0075104222908692,0.1878366636008398,3.5859817462594954
6,Glyceryl_monostearate,72,12,0.01,0.0050430352326399,0.164381348996041,3.6361881111930425
6,Glyceryl_monostearate,72,24,0.0,0.0038279886815172,0.0710374553411111,1.551520785869411
6,Glyceryl_monostearate,72,24,0.0025,0.0059918914331434,0.1058526244293488,2.288535712224196
6,Glyceryl_monostearate,72,24,0.005,0.0071625836588323,0.1751824713345604,3.587750813474163
6,Glyceryl_monostearate,72,24,0.01,0.0048931718579188,0.1673254595662708,3.636510905627566
6,Glyceryl_monostearate,72,48,0.0,0.0024258402177783,0.0486407494403053,1.4332891514010873
6,Glyceryl_monostearate,72,48,0.0025,0.0045104793502247,0.0906344123512068,1.959340681923941
6,Glyceryl_monostearate,72,48,0.005,0.0066514339036608,0.1554271015275468,3.5842062143327054
6,Glyceryl_monostearate,72,48,0.01,0.0047404642736057,0.1704242884788198,3.6339515723437854
12,Stearic_acid,120,0,0.0,0.0056925240624518,0.0572545581009885,2.7549029048262
12,Stearic_acid,120,0,0.0025,0.021451910476692,0.2192299325164269,3.340808914375347
12,Stearic_acid,120,0,0.005,0.0279762272294732,0.2776274924188672,3.5848127575789075
12,Stearic_acid,120,0,0.01,0.0153148207491672,0.2269629459565041,3.635048247578864
12,Stearic_acid,120,12,0.0,0.003967898503004,0.0529617539793155,2.5453194588729646
12,Stearic_acid,120,12,0.0025,0.0216967833488014,0.226479856357644,3.4610255926635807
12,Stearic_acid,120,12,0.005,0.0270700290627257,0.2796883725998648,3.587176437056554
12,Stearic_acid,120,12,0.01,0.0154895831121162,0.2279303823589836,3.634977785893156
12,Stearic_acid,120,24,0.0,0.0039839773124344,0.0534097571752278,2.558395506891552
12,Stearic_acid,120,24,0.0025,0.0210600205916007,0.2247365732866906,3.462821060516441
12,Stearic_acid,120,24,0.005,0.0273249295180936,0.2789205025701145,3.587427198615233
12,Stearic_acid,120,24,0.01,0.0154210038038628,0.2343193729690988,3.6334634720662935
12,Stearic_acid,120,48,0.0,0.0040553191524217,0.0536179277690534,2.6102009176914267
12,Stearic_acid,120,48,0.0025,0.0214322087988814,0.2335422972851447,3.473137436899156
12,Stearic_acid,120,48,0.005,0.0257406398334651,0.2763335624069316,3.584316909708676
12,Stearic_acid,120,48,0.01,0.0147453660272268,0.2335611987531893,3.63341317076239
12,Stearic_acid,108,0,0.0,0.0041487275220849,0.0534195309964077,2.5566882240200264
12,Stearic_acid,108,0,0.0025,0.0227513021807777,0.2328481945189305,3.461413740480908
12,Stearic_acid,108,0,0.005,0.0280224461423358,0.2838533997962558,3.58599266912688
12,Stearic_acid,108,0,0.01,0.0155779047954635,0.2349428545436959,3.636384867928213
12,Stearic_acid,108,12,0.0,0.0074741365901092,0.0753093737050849,2.481678344859917
12,Stearic_acid,108,12,0.0025,0.0238555921084276,0.2443882821286923,3.3636320334312018
12,Stearic_acid,108,12,0.005,0.0278582188418128,0.2817518155943408,3.581894794341744
12,Stearic_acid,108,12,0.01,0.0158551819597386,0.2364250232890769,3.63441066752259
12,Stearic_acid,108,24,0.0,0.0042336896247983,0.054920279629504,2.5874162168638923
12,Stearic_acid,108,24,0.0025,0.0224489896380831,0.2352108615189345,3.4825160643160213
12,Stearic_acid,108,24,0.005,0.0280620964948994,0.285537174557078,3.583568119576215
12,Stearic_acid,108,24,0.01,0.0156155790369305,0.2375633379090662,3.635326017354188
12,Stearic_acid,108,48,0.0,0.0042767228899874,0.0552944093652619,2.659573003882427
12,Stearic_acid,108,48,0.0025,0.0222908570432955,0.2374439735592089,3.476220377035541
12,Stearic_acid,108,48,0.005,0.0269731738777323,0.2836928863315995,3.5773966859589983
12,Stearic_acid,108,48,0.01,0.014715304949398,0.2350510411025429,3.634890751247456
12,Stearic_acid,96,0,0.0,0.0043185580378741,0.0551380015439327,2.546076849916945
12,Stearic_acid,96,0,0.0025,0.0241007872994771,0.2411991121310397,3.4666615755183137
12,Stearic_acid,96,0,0.005,0.0290553008042057,0.2853231374404386,3.580195997251425
12,Stearic_acid,96,0,0.01,0.0162033702632483,0.2392256558993247,3.634321548921501
12,Stearic_acid,96,12,0.0,0.0044505885870966,0.0555503031568799,2.567777441160563
12,Stearic_acid,96,12,0.0025,0.0242791286774227,0.2432837519797982,3.4836207870631366
12,Stearic_acid,96,12,0.005,0.0290247121987,0.2880692517066061,3.583602767027658
12,Stearic_acid,96,12,0.01,0.0158201536704186,0.2447641614916127,3.634790684624461
12,Stearic_acid,96,24,0.0,0.0065835958496055,0.0662819659030367,2.581918687679123
12,Stearic_acid,96,24,0.0025,0.0259102787783194,0.2659948647368732,3.577406809206227
12,Stearic_acid,96,24,0.005,0.028409012732917,0.288776453029385,3.582447212796716
12,Stearic_acid,96,24,0.01,0.015519081807267,0.2381120796899962,3.635272182807441
12,Stearic_acid,96,48,0.0,0.0047903144933122,0.0587318269194028,2.8298715105490104
12,Stearic_acid,96,48,0.0025,0.0244283007556794,0.2473691737645743,3.4684355072305197
12,Stearic_acid,96,48,0.005,0.027711120165114,0.2937878759435671,3.577054377420387
12,Stearic_acid,96,48,0.01,0.0151666116543339,0.2371292466556051,3.633243052665889
12,Stearic_acid,72,0,0.0,0.0050141448122117,0.0583050050342601,2.5930229392047903
12,Stearic_acid,72,0,0.0025,0.0272756464154988,0.2588794144823113,3.47671586306765
12,Stearic_acid,72,0,0.005,0.0306684136459136,0.2974882345859342,3.5760324420747
12,Stearic_acid,72,0,0.01,0.0173503699551381,0.249635292668909,3.634119954778277
12,Stearic_acid,72,12,0.0,0.005047842927549,0.0601523260297646,2.6727306376902824
12,Stearic_acid,72,12,0.0025,0.0276708209203874,0.2631818640436987,3.477071257762528
12,Stearic_acid,72,12,0.005,0.0302929132116807,0.3008012079940216,3.581663508187887
12,Stearic_acid,72,12,0.01,0.0168665969230929,0.2457302589033321,3.633934885220965
12,Stearic_acid,72,24,0.0,0.0055949209798334,0.0627515985853047,2.83170030814336
12,Stearic_acid,72,24,0.0025,0.0276463290093407,0.2661439308138422,3.480960516422911
12,Stearic_acid,72,24,0.005,0.0298049726668773,0.2987840197120767,3.575986039721688
12,Stearic_acid,72,24,0.01,0.0163732863679899,0.2502548014097022,3.633314185783835
12,Stearic_acid,72,48,0.0,0.0050851608248084,0.051112960989759,2.9722676073210086
12,Stearic_acid,72,48,0.0025,0.031798968638517,0.3284467678920262,3.430530030470736
12,Stearic_acid,72,48,0.005,0.0308599249359705,0.3147680145715582,3.583192576109312
12,Stearic_acid,72,48,0.01,0.0160278404996368,0.2502206328506113,3.634236522767625
12,Compritol_888,120,0,0.0,0.006253693115083,0.0629383454734651,0.5173894612643266
12,Compritol_888,120,0,0.0025,0.0383206302848811,0.3985262747138398,0.4305856267307667
12,Compritol_888,120,0,0.005,0.0416599982678332,0.4347256204124433,1.5494410162744685
12,Compritol_888,120,0,0.01,0.0372942739699882,0.3873936851916579,1.8077631644077965
12,Compritol_888,120,12,0.0,0.0051866510745572,0.0626345389408384,1.189372537717502
12,Compritol_888,120,12,0.0025,0.0376423689648855,0.4036834207815857,0.9705978797542938
12,Compritol_888,120,12,0.005,0.0400900667323673,0.4067010779229686,1.132553388084416
12,Compritol_888,120,12,0.01,0.0384738143088568,0.4216575238548952,1.4311021452147634
12,Compritol_888,120,24,0.0,0.0050340582736247,0.060844558173032,1.2016085712788134
12,Compritol_888,120,24,0.0025,0.0359866247633664,0.3974518008096841,0.9941873637125098
12,Compritol_888,120,24,0.005,0.03908060689384,0.4070702291445703,1.1256856129640769
12,Compritol_888,120,24,0.01,0.0380249822566712,0.4206339340374162,1.380987735054647
12,Compritol_888,120,48,0.0,0.0045474987965634,0.0579418786799387,1.2868987441135944
12,Compritol_888,120,48,0.0025,0.0312519272918353,0.3843164761521605,1.0232282447089514
12,Compritol_888,120,48,0.005,0.0360111946832253,0.4021605865900903,1.1225290049079255
12,Compritol_888,120,48,0.01,0.0375833111054185,0.4302689094791697,1.3212621371505275
12,Compritol_888,108,0,0.0,0.005708619595566,0.0654935435040832,1.167328168814447
12,Compritol_888,108,0,0.0025,0.0402782160624243,0.4124122325573194,0.9717218800562428
12,Compritol_888,108,0,0.005,0.0426711372890378,0.41611871550604,1.141322097679221
12,Compritol_888,108,0,0.01,0.0390601897283154,0.4197506166694214,1.43303053584986
12,Compritol_888,108,12,0.0,0.005961776550254,0.059975575211007,1.35833911139627
12,Compritol_888,108,12,0.0025,0.0359262461307401,0.3726562319343277,1.258416967246106
12,Compritol_888,108,12,0.005,0.0381612733950215,0.3967560460045605,1.224250692365339
12,Compritol_888,108,12,0.01,0.0378913179691786,0.3938433115294353,1.7360053283166328
12,Compritol_888,108,24,0.0,0.005170305579883,0.0610639459208581,1.283642132804493
12,Compritol_888,108,24,0.0025,0.0358998461577245,0.39894508336383,1.019213015105446
12,Compritol_888,108,24,0.005,0.0391780791215101,0.4099011096859085,1.139376439432337
12,Compritol_888,108,24,0.01,0.0388031328234803,0.4260902887447267,1.3489970471313062
12,Compritol_888,108,48,0.0,0.0046143491057352,0.0581001425659357,1.3305387218632074
12,Compritol_888,108,48,0.0025,0.031834949902414,0.3847984404980514,1.042725861942833
12,Compritol_888,108,48,0.005,0.036402700411396,0.40592092107662,1.1222445662818583
12,Compritol_888,108,48,0.01,0.0380453275290831,0.4306625323332869,1.3196282687185854
12,Compritol_888,96,0,0.0,0.0058320756621617,0.0659079416251221,1.2022177284184572
12,Compritol_888,96,0,0.0025,0.0404639142978839,0.4134894802967692,0.9990662568937836
12,Compritol_888,96,0,0.005,0.0438788598806986,0.4209323676303931,1.1233303936293757
12,Compritol_888,96,0,0.01,0.0407824365244825,0.4244041314334481,1.3857395258230545
12,Compritol_888,96,12,0.0,0.0055409435003346,0.0623662306694968,1.2449725676428596
12,Compritol_888,96,12,0.0025,0.0382827146397664,0.4053483200381731,1.0091967399085942
12,Compritol_888,96,12,0.005,0.0420022868024123,0.4172385542790089,1.1290114127530868
12,Compritol_888,96,12,0.01,0.0400332040351938,0.4276227206439532,1.3511810807535494
12,Compritol_888,96,24,0.0,0.0082338386511018,0.0830273731067175,0.997064403633493
12,Compritol_888,96,24,0.0025,0.0402,0.4203232826939162,1.2975839861191345
12,Compritol_888,96,24,0.005,0.0375246838372568,0.3898903147417653,1.0338832746648865
12,Compritol_888,96,24,0.01,0.0393532057815693,0.4096552986801152,1.3465452995351812
12,Compritol_888,96,48,0.0,0.0046736931246125,0.0570791807032791,1.363928450598198
12,Compritol_888,96,48,0.0025,0.0325195183348185,0.3873513651031651,1.0289117560652918
12,Compritol_888,96,48,0.005,0.0377053892294094,0.4103382901690908,1.1202876862157714
12,Compritol_888,96,48,0.01,0.0390697903597097,0.4390732562829721,1.272366092546224
12,Compritol_888,72,0,0.0,0.0061034248314545,0.0647231432083446,1.2708150366702324
12,Compritol_888,72,0,0.0025,0.0410207200262477,0.4149881499705273,1.0012705074955048
12,Compritol_888,72,0,0.005,0.0458075991877299,0.4297063356640495,1.0936217863334117
12,Compritol_888,72,0,0.01,0.0419583843639945,0.4366291827247794,1.316355443868911
12,Compritol_888,72,12,0.0,0.0057151450730798,0.0631957802793329,1.3292507000501277
12,Compritol_888,72,12,0.0025,0.0391014934878964,0.4113374076122312,1.0207580851727125
12,Compritol_888,72,12,0.005,0.0439978053310854,0.4266650295720087,1.1218880836539094
12,Compritol_888,72,12,0.01,0.0417084550452305,0.4452130889946343,1.291398275178048
12,Compritol_888,72,24,0.0,0.0055652263318397,0.0621005795854456,1.3596493964993048
12,Compritol_888,72,24,0.0025,0.0369270032156468,0.4034033317329342,1.0259600654516967
12,Compritol_888,72,24,0.005,0.0423769081758707,0.4260804985338918,1.1099221830518282
12,Compritol_888,72,24,0.01,0.0415904962410896,0.4448259771221799,1.2813915640206588
12,Compritol_888,72,48,0.0,0.0109546904559953,0.110776245808764,1.480712457638129
12,Compritol_888,72,48,0.0025,0.0352275420012307,0.36514091224419,0.3971169650589185
12,Compritol_888,72,48,0.005,0.0384268905790635,0.3996687804796858,1.4072509331407668
12,Compritol_888,72,48,0.01,0.0438417223072926,0.4585476273697176,0.6813377365387215
12,Glyceryl_monostearate,120,0,0.0,0.013715669035407,0.1390705001162207,1.8199953232767496
12,Glyceryl_monostearate,120,0,0.0025,0.0163147326085949,0.1658571555278256,2.8716933616274862
12,Glyceryl_monostearate,120,0,0.005,0.0137322954886975,0.2288695482526692,3.574514436338012
12,Glyceryl_monostearate,120,0,0.01,0.0080502640295903,0.1910763107592453,3.634424487029917
12,Glyceryl_monostearate,120,12,0.0,0.0094789208069243,0.1068485681212945,1.4517532472364214
12,Glyceryl_monostearate,120,12,0.0025,0.0149217960023632,0.1609388974996464,2.6594144326789504
12,Glyceryl_monostearate,120,12,0.005,0.0136471193757534,0.2248502760423755,3.5743299588794453
12,Glyceryl_monostearate,120,12,0.01,0.0077661837215875,0.1884983647379446,3.635057005222404
12,Glyceryl_monostearate,120,24,0.0,0.0091502199031844,0.1055973854821039,1.4614663872250797
12,Glyceryl_monostearate,120,24,0.0025,0.0142731940359894,0.1564546704843264,2.668908296830468
12,Glyceryl_monostearate,120,24,0.005,0.0130347841128918,0.2200035499189683,3.5768486598705382
12,Glyceryl_monostearate,120,24,0.01,0.007722046221251,0.192671076851111,3.635137441643518
12,Glyceryl_monostearate,120,48,0.0,0.0087335490959162,0.0991673684825548,1.4728175616214951
12,Glyceryl_monostearate,120,48,0.0025,0.013535992435951,0.1470242484140604,2.6279298721179547
12,Glyceryl_monostearate,120,48,0.005,0.0121362389141639,0.2042606624150864,3.578220840973971
12,Glyceryl_monostearate,120,48,0.01,0.0077191234925822,0.1891358330168558,3.6343878039971655
12,Glyceryl_monostearate,108,0,0.0,0.0106040226910443,0.1129472449490215,1.4443845338413566
12,Glyceryl_monostearate,108,0,0.0025,0.0158462573075235,0.1652692109580216,2.735326829480683
12,Glyceryl_monostearate,108,0,0.005,0.0142670178972483,0.2291608957655971,3.571390087988688
12,Glyceryl_monostearate,108,0,0.01,0.0082906004998979,0.2007502327501797,3.63518023335516
12,Glyceryl_monostearate,108,12,0.0,0.0105196868541965,0.1063545069181928,1.7788857928982529
12,Glyceryl_monostearate,108,12,0.0025,0.0157672281684507,0.1602068454019403,1.5590551479682255
12,Glyceryl_monostearate,108,12,0.005,0.0136483673896499,0.2277053100668318,3.581059101141081
12,Glyceryl_monostearate,108,12,0.01,0.0078340621579705,0.1984806151297528,3.6359961260771767
12,Glyceryl_monostearate,108,24,0.0,0.0096071169630349,0.1065247724762194,1.4753699121067496
12,Glyceryl_monostearate,108,24,0.0025,0.0145692737015036,0.1558513159623221,2.71123664669944
12,Glyceryl_monostearate,108,24,0.005,0.0129637143617202,0.2183986357793327,3.575364810104635
12,Glyceryl_monostearate,108,24,0.01,0.007950082416213,0.1978736373580975,3.6353120082204646
12,Glyceryl_monostearate,108,48,0.0,0.0089200991742972,0.1016993997781403,1.5128061442883116
12,Glyceryl_monostearate,108,48,0.0025,0.0134521918245654,0.1444723784959901,2.7758263614381926
12,Glyceryl_monostearate,108,48,0.005,0.0123537315647181,0.2017169266804282,3.579453497684397
12,Glyceryl_monostearate,108,48,0.01,0.0077878959836705,0.1948453390420151,3.635118755703689
12,Glyceryl_monostearate,96,0,0.0,0.0111162661134644,0.1139861640315986,1.4334488260405094
12,Glyceryl_monostearate,96,0,0.0025,0.0158973212300337,0.1652102171022351,2.75395155868338
12,Glyceryl_monostearate,96,0,0.005,0.0139954383070153,0.22856237125403,3.577891067127108
12,Glyceryl_monostearate,96,0,0.01,0.0085088259540493,0.2036432892903733,3.635230853927995
12,Glyceryl_monostearate,96,12,0.0,0.0103721886130607,0.1098274722366071,1.4819790339209105
12,Glyceryl_monostearate,96,12,0.0025,0.0151974791073256,0.1577040542951406,2.815707537199033
12,Glyceryl_monostearate,96,12,0.005,0.0136369264859657,0.223974183568084,3.5797294814886675
12,Glyceryl_monostearate,96,12,0.01,0.0083433881263257,0.200522664964999,3.6352281914186015
12,Glyceryl_monostearate,96,24,0.0,0.0110397700496824,0.1116560324684063,1.821683588317991
12,Glyceryl_monostearate,96,24,0.0025,0.0140961359303845,0.1429768873637464,3.107692514788853
12,Glyceryl_monostearate,96,24,0.005,0.013086589193882,0.2159036434810982,3.5836190361984235
12,Glyceryl_monostearate,96,24,0.01,0.0083242155056455,0.2008689802740996,3.634295914528744
12,Glyceryl_monostearate,96,48,0.0,0.0094863249751307,0.1017217206335654,1.513885362768946
12,Glyceryl_monostearate,96,48,0.0025,0.0137990676227071,0.1460032328155905,2.80186364353018
12,Glyceryl_monostearate,96,48,0.005,0.0123388132802901,0.1958067850372172,3.572694765965178
12,Glyceryl_monostearate,96,48,0.01,0.0079236726016227,0.2010081980365405,3.634816082951705
12,Glyceryl_monostearate,72,0,0.0,0.0121094048696497,0.1157980845663761,1.4551677617029477
12,Glyceryl_monostearate,72,0,0.0025,0.0162434415299501,0.1616396623012596,2.8299327908342327
12,Glyceryl_monostearate,72,0,0.005,0.0144325052412038,0.2255445927318365,3.5786839221770106
12,Glyceryl_monostearate,72,0,0.01,0.0089683741285046,0.211736806143528,3.634196196199128
12,Glyceryl_monostearate,72,12,0.0,0.0115640020797843,0.1126675639958226,1.4948597309551082
12,Glyceryl_monostearate,72,12,0.0025,0.0158151867056488,0.1564733267798246,2.784459043118532
12,Glyceryl_monostearate,72,12,0.005,0.0139386716367907,0.2151235765808048,3.580166049825648
12,Glyceryl_monostearate,72,12,0.01,0.0088164432268111,0.2092809091300131,3.635384677699209
12,Glyceryl_monostearate,72,24,0.0,0.0112717518066016,0.110776148905625,1.4943099217980398
12,Glyceryl_monostearate,72,24,0.0025,0.0152454832287534,0.1520992590165254,2.891541234209143
12,Glyceryl_monostearate,72,24,0.005,0.0134352948945395,0.2119085641632768,3.571877884476955
12,Glyceryl_monostearate,72,24,0.01,0.0086673377334194,0.2108274112813844,3.6346351348660537
12,Glyceryl_monostearate,72,48,0.0,0.0120971366073421,0.1224683543142364,1.7313547686447577
12,Glyceryl_monostearate,72,48,0.0025,0.0146091573685786,0.1482784129139599,2.9978159224661263
12,Glyceryl_monostearate,72,48,0.005,0.0125370903955981,0.1895271687375174,3.566153992373147
12,Glyceryl_monostearate,72,48,0.01,0.0082577503154528,0.2077297477729817,3.634830719013512
24,Stearic_acid,120,0,0.0,0.0122962779613727,0.0622580728704196,3.0851626857859102
24,Stearic_acid,120,0,0.0025,0.0662112613755321,0.3545388992482093,3.426769104764148
24,Stearic_acid,120,0,0.005,0.0597748375294276,0.3466463757356069,3.526646404798873
24,Stearic_acid,120,0,0.01,0.0415753573578488,0.3105466303297169,3.625557672864823
24,Stearic_acid,120,12,0.0,0.010743889059664,0.0776213779925523,2.78549124441159
24,Stearic_acid,120,12,0.0025,0.0660132336725393,0.3591339343109039,3.369044432139445
24,Stearic_acid,120,12,0.005,0.0608685724544459,0.3499081583400175,3.51572211134607
24,Stearic_acid,120,12,0.01,0.0428990079526497,0.3116973461925233,3.624557732246074
24,Stearic_acid,120,24,0.0,0.0116383458235718,0.0820599740526886,2.901434447680076
24,Stearic_acid,120,24,0.0025,0.0663207658525949,0.3632191517234061,3.354027246431799
24,Stearic_acid,120,24,0.005,0.062334410759451,0.3569311891716053,3.5132579782527835
24,Stearic_acid,120,24,0.01,0.043934047055648,0.3162729163014803,3.62499954239842
24,Stearic_acid,120,48,0.0,0.0131453324536932,0.0878153209921611,2.9869682198071725
24,Stearic_acid,120,48,0.0025,0.0674826225522955,0.369195280203649,3.3585544044173874
24,Stearic_acid,120,48,0.005,0.0644630922594764,0.3634436841537708,3.517596806268031
24,Stearic_acid,120,48,0.01,0.0453068051322847,0.323264222510298,3.6255922680722574
24,Stearic_acid,108,0,0.0,0.0110348460567929,0.0788355323676453,2.7543710393601506
24,Stearic_acid,108,0,0.0025,0.0664200382790228,0.3640193951002587,3.3480172429262187
24,Stearic_acid,108,0,0.005,0.0608527815688574,0.3558123863546455,3.524803238167642
24,Stearic_acid,108,0,0.01,0.0431999451059318,0.314258959401115,3.625540020195354
24,Stearic_acid,108,12,0.0,0.0117332483864556,0.059372262179601,3.14556008294081
24,Stearic_acid,108,12,0.0025,0.0687339373636534,0.3690419478482211,3.2657748905379496
24,Stearic_acid,108,12,0.005,0.062909276282958,0.3602959351581637,3.5153788333908844
24,Stearic_acid,108,12,0.01,0.0443552409011724,0.3161496154671528,3.621794941449489
24,Stearic_acid,108,24,0.0,0.0123411475037209,0.0838491693920681,2.9182497289206366
24,Stearic_acid,108,24,0.0025,0.0679615103516329,0.3679330243705103,3.3613096701420044
24,Stearic_acid,108,24,0.005,0.0640447692040336,0.3629118505621195,3.5132291047315936
24,Stearic_acid,108,24,0.01,0.0448153521274441,0.3212855465328159,3.625772331879717
24,Stearic_acid,108,48,0.0,0.0155283012242348,0.0973043368437237,3.0763259455859293
24,Stearic_acid,108,48,0.0025,0.070859365438892,0.3827815817710347,3.364144542188515
24,Stearic_acid,108,48,0.005,0.0660677334368859,0.3685603600872094,3.510798986356777
24,Stearic_acid,108,48,0.01,0.0450590022826029,0.328405507498988,3.6261636472318375
24,Stearic_acid,96,0,0.0,0.0120841443243338,0.0820819191283315,2.8522906813443134
24,Stearic_acid,96,0,0.0025,0.0684374153643383,0.366941615211574,3.3392440558265197
24,Stearic_acid,96,0,0.005,0.0624789827850011,0.359373566551198,3.5125080000529043
24,Stearic_acid,96,0,0.01,0.0454547206062553,0.3145579712452263,3.6239514386101273
24,Stearic_acid,96,12,0.0,0.0126119449498204,0.0844268945738255,2.9415165819487217
24,Stearic_acid,96,12,0.0025,0.0687456459602653,0.3701249388920261,3.347593588533779
24,Stearic_acid,96,12,0.005,0.0641775154704637,0.3625251281468116,3.515606325081863
24,Stearic_acid,96,12,0.01,0.0449467962732331,0.3298255238911261,3.6241345828790346
24,Stearic_acid,96,24,0.0,0.0117417090887399,0.0594092597525602,3.1642715418997582
24,Stearic_acid,96,24,0.0025,0.0735928319816447,0.3971971008701829,3.574935472700924
24,Stearic_acid,96,24,0.005,0.0651005969003685,0.3686957697005826,3.516420029360477
24,Stearic_acid,96,24,0.01,0.045258026701996,0.32982258311876,3.6263361917722174
24,Stearic_acid,96,48,0.0,0.017957624013758,0.1069518423273362,3.0825347007737607
24,Stearic_acid,96,48,0.0025,0.0747148580206684,0.3974731215484303,3.3908916645707974
24,Stearic_acid,96,48,0.005,0.0692542431398529,0.3840557505419114,3.5184626461956823
24,Stearic_acid,96,48,0.01,0.0469841492367307,0.3332439181559544,3.621836750199813
24,Stearic_acid,72,0,0.0,0.0145434284041051,0.0920263491512069,2.878917274867534
24,Stearic_acid,72,0,0.0025,0.0708371401795257,0.378190603068268,3.341047716313659
24,Stearic_acid,72,0,0.005,0.0663827156454175,0.3707440780194419,3.5068620792270666
24,Stearic_acid,72,0,0.01,0.0470781657203737,0.3345750428090078,3.62426433377281
24,Stearic_acid,72,12,0.0,0.0164025359567947,0.0999335986658995,2.998518355829349
24,Stearic_acid,72,12,0.0025,0.0735146835479203,0.3930517429019105,3.3441062797833814
24,Stearic_acid,72,12,0.005,0.0670081394322431,0.3748019637003285,3.5018307723790274
24,Stearic_acid,72,12,0.01,0.047106530364473,0.3363299732450164,3.6236718596441913
24,Stearic_acid,72,24,0.0,0.0188550741957461,0.1081925078617468,3.036504975238242
24,Stearic_acid,72,24,0.0025,0.0757250138527117,0.4032118586506166,3.3826190911557434
24,Stearic_acid,72,24,0.005,0.0707485436410928,0.3886059196994195,3.5123263089413763
24,Stearic_acid,72,24,0.01,0.0489352734094273,0.3366429463859994,3.6241113110763705
24,Stearic_acid,72,48,0.0,0.0285620155390922,0.1471305052388563,2.449768346294301
24,Stearic_acid,72,48,0.0025,0.0828895008235229,0.4519165112768602,3.3083637096251697
24,Stearic_acid,72,48,0.005,0.0762102942775802,0.4161381879924434,3.5383844818637837
24,Stearic_acid,72,48,0.01,0.0527783016573599,0.3588235046959979,3.6253183933778983
24,Compritol_888,120,0,0.0,0.0238337563812204,0.1220865851543531,1.3761558400936351
24,Compritol_888,120,0,0.0025,0.0947538582422024,0.5233974303387674,1.2427053758148487
24,Compritol_888,120,0,0.005,0.1032705343616594,0.5758892162247632,1.594738301189709
24,Compritol_888,120,0,0.01,0.0896764159944221,0.4925642049899303,1.6655381535244782
24,Compritol_888,120,12,0.0,0.0244883449473832,0.1066215068158598,1.3280064572636727
24,Compritol_888,120,12,0.0025,0.0938335257906839,0.5013211882442695,0.9899604104333168
24,Compritol_888,120,12,0.005,0.095724019965421,0.5067603222693053,1.0277801663538473
24,Compritol_888,120,12,0.01,0.0921370797400164,0.501221246122298,1.1014903994116934
24,Compritol_888,120,24,0.0,0.0239741145207442,0.1054082951820625,1.3205243806620954
24,Compritol_888,120,24,0.0025,0.0937222448219808,0.5032053581797193,0.9951842519267768
24,Compritol_888,120,24,0.005,0.0941111393707652,0.5057209787248027,1.0325644819190438
24,Compritol_888,120,24,0.01,0.0915364723551774,0.5019189359742854,1.1034450276643315
24,Compritol_888,120,48,0.0,0.0238802287097118,0.1030396055518385,1.3071187648702278
24,Compritol_888,120,48,0.0025,0.0930771974451878,0.5010547224065955,1.0015445413405897
24,Compritol_888,120,48,0.005,0.0921794022345745,0.5034233436499991,1.0259961921825222
24,Compritol_888,120,48,0.01,0.0909943171811702,0.5053601967518192,1.070819201124562
24,Compritol_888,108,0,0.0,0.0259738056760366,0.1101351127819783,1.2928681061354126
24,Compritol_888,108,0,0.0025,0.0949169225817899,0.5052401823794391,0.99197703539131
24,Compritol_888,108,0,0.005,0.0985176845272669,0.5106725079517345,1.029488368816644
24,Compritol_888,108,0,0.01,0.0924121640223016,0.4997920288978066,1.1145126477128724
24,Compritol_888,108,12,0.0,0.0275859482735116,0.1418865620302925,1.2789965854919638
24,Compritol_888,108,12,0.0025,0.0893569431364955,0.4906263007284079,0.4190300290852586
24,Compritol_888,108,12,0.005,0.0918061850214935,0.505463457665485,1.3646741686886503
24,Compritol_888,108,12,0.01,0.0900653469939144,0.4949047951931559,1.5977397829006166
24,Compritol_888,108,24,0.0,0.0248874114894027,0.1074460402640155,1.3163925574309792
24,Compritol_888,108,24,0.0025,0.0945553767831616,0.5044175817514637,0.993449430658684
24,Compritol_888,108,24,0.005,0.0940413434196117,0.5054201434794237,1.029290220842918
24,Compritol_888,108,24,0.01,0.0923274218399172,0.5067943003653063,1.0872613856592137
24,Compritol_888,108,48,0.0,0.0238317646323576,0.1030101692679866,1.3457928022156067
24,Compritol_888,108,48,0.0025,0.0926302894010307,0.4943728933117774,1.0167293393673644
24,Compritol_888,108,48,0.005,0.0923558035302204,0.5056849205567291,1.0207985916927893
24,Compritol_888,108,48,0.01,0.0915396611317264,0.5102058956356391,1.054867904181923
24,Compritol_888,96,0,0.0,0.0257175953245661,0.1102996774355071,1.3161781339978569
24,Compritol_888,96,0,0.0025,0.0951874029535434,0.506119417123806,0.9915830831680597
24,Compritol_888,96,0,0.005,0.1005881978002368,0.5124287504874147,1.0319276366650534
24,Compritol_888,96,0,0.01,0.0928936735278039,0.5021336162515836,1.1199691399930003
24,Compritol_888,96,12,0.0,0.025227165839602,0.1079926514361715,1.340751961320035
24,Compritol_888,96,12,0.0025,0.0957714781522622,0.5075187666942921,0.9913496351765444
24,Compritol_888,96,12,0.005,0.0958394499801612,0.5085619714282166,1.024220416934107
24,Compritol_888,96,12,0.01,0.092458350203462,0.506138759420249,1.0911789450916731
24,Compritol_888,96,24,0.0,0.0261229314558704,0.1342267169614984,1.2868283276649424
24,Compritol_888,96,24,0.0025,0.082970197708834,0.4523993380737658,1.2836742902470029
24,Compritol_888,96,24,0.005,0.0887049096173462,0.4867387360396798,0.8495074513734073
24,Compritol_888,96,24,0.01,0.0928344115921324,0.5117050315407533,1.167113434378348
24,Compritol_888,96,48,0.0,0.0240923830574011,0.1022103076518652,1.3509390076634749
24,Compritol_888,96,48,0.0025,0.0920356715139525,0.4866618936640295,1.0246461020704478
24,Compritol_888,96,48,0.005,0.0921861894348682,0.5077267868834769,1.0236082719693789
24,Compritol_888,96,48,0.01,0.0915995523412264,0.5127021824152455,1.0581845535298589
24,Compritol_888,72,0,0.0,0.0257005218915654,0.1090950219897582,1.315627294956614
24,Compritol_888,72,0,0.0025,0.0982496228025121,0.5106417145024557,0.9854331029718196
24,Compritol_888,72,0,0.005,0.100802337896109,0.5147261637571008,1.0198978397074745
24,Compritol_888,72,0,0.01,0.0941136404974665,0.5117788459145434,1.083009149183088
24,Compritol_888,72,12,0.0,0.0255032896412709,0.108021797898997,1.3253370168327414
24,Compritol_888,72,12,0.0025,0.0968723219424329,0.5060264344155831,0.9968005823358206
24,Compritol_888,72,12,0.005,0.0960536313457903,0.5118617550354936,1.023071195354048
24,Compritol_888,72,12,0.01,0.0941695355384634,0.5124783962589554,1.06427371202716
24,Compritol_888,72,24,0.0,0.0250452439065203,0.1041252020006784,1.3510752247205955
24,Compritol_888,72,24,0.0025,0.0946457053953478,0.4972859915949032,1.0142326345544312
24,Compritol_888,72,24,0.005,0.0945491821926524,0.5082544330689824,1.0291621475622554
24,Compritol_888,72,24,0.01,0.0933082727353279,0.5173541671690545,1.0421239031082432
24,Compritol_888,72,48,0.0,0.0335760043808318,0.1737182766793849,1.4236417481717398
24,Compritol_888,72,48,0.0025,0.086209312414244,0.4717296074690715,1.1764028741619774
24,Compritol_888,72,48,0.005,0.0891665248428,0.4895474442835506,1.3648566760904424
24,Compritol_888,72,48,0.01,0.0937827078643341,0.5181026447629034,0.4713846244881101
24,Glyceryl_monostearate,120,0,0.0,0.0359938707346537,0.1866919890263148,0.5127644185400072
24,Glyceryl_monostearate,120,0,0.0025,0.0347445330109225,0.1799953251734136,3.187139173164517
24,Glyceryl_monostearate,120,0,0.005,0.0317112745192089,0.283249241416156,3.523215219656713
24,Glyceryl_monostearate,120,0,0.01,0.0226276507071166,0.2695051119693215,3.624610845051539
24,Glyceryl_monostearate,120,12,0.0,0.0332057614520897,0.1673202267458708,1.3395836924457654
24,Glyceryl_monostearate,120,12,0.0025,0.0327695714030419,0.1966234249308406,3.1101638587258584
24,Glyceryl_monostearate,120,12,0.005,0.0323150433468594,0.2828074258365654,3.517729306744544
24,Glyceryl_monostearate,120,12,0.01,0.0236677070761391,0.2707071760877652,3.6253596738832647
24,Glyceryl_monostearate,120,24,0.0,0.0326621929982484,0.1614450334105945,1.3697978069483618
24,Glyceryl_monostearate,120,24,0.0025,0.0329419332268457,0.192197878536488,3.11788378536028
24,Glyceryl_monostearate,120,24,0.005,0.0318122230510206,0.2729945202211173,3.513425902100991
24,Glyceryl_monostearate,120,24,0.01,0.0250541400811079,0.2795371376735354,3.62675572662796
24,Glyceryl_monostearate,120,48,0.0,0.0328931661008817,0.1564752725819098,1.4177239701038205
24,Glyceryl_monostearate,120,48,0.0025,0.0328864664343406,0.1861451769394257,3.0568634682516307
24,Glyceryl_monostearate,120,48,0.005,0.031666920984405,0.2478202862426144,3.5030698570372745
24,Glyceryl_monostearate,120,48,0.01,0.0255324581933193,0.2834441101938778,3.6280761513351454
24,Glyceryl_monostearate,108,0,0.0,0.0339497072855209,0.1692520051283467,1.343433771970841
24,Glyceryl_monostearate,108,0,0.0025,0.0333655467660656,0.1977892266016646,3.113938018033979
24,Glyceryl_monostearate,108,0,0.005,0.0325980978958024,0.285466198774002,3.523376829719929
24,Glyceryl_monostearate,108,0,0.01,0.0238595786990227,0.2741149964056157,3.627511525197209
24,Glyceryl_monostearate,108,12,0.0,0.0313798259584731,0.1620329195263087,0.533522099842527
24,Glyceryl_monostearate,108,12,0.0025,0.0357853936770156,0.1855758783841646,2.5731545755486507
24,Glyceryl_monostearate,108,12,0.005,0.0324700997149025,0.276331313941007,3.515459442023725
24,Glyceryl_monostearate,108,12,0.01,0.0240316649126239,0.276116188940739,3.6272878047495487
24,Glyceryl_monostearate,108,24,0.0,0.0336420040154079,0.1600641129522712,1.387584962166145
24,Glyceryl_monostearate,108,24,0.0025,0.0331753855054545,0.1917778024548037,3.118724519140134
24,Glyceryl_monostearate,108,24,0.005,0.0326502236323367,0.2699172427543097,3.510361825921051
24,Glyceryl_monostearate,108,24,0.01,0.0250284487453224,0.2833346102371688,3.6270382428680654
24,Glyceryl_monostearate,108,48,0.0,0.0327045028427289,0.1546064924165074,1.4491908151090425
24,Glyceryl_monostearate,108,48,0.0025,0.0331556902616193,0.1863234836810895,3.0248039740036177
24,Glyceryl_monostearate,108,48,0.005,0.0327340493569675,0.2472572582462794,3.496693866848142
24,Glyceryl_monostearate,108,48,0.01,0.0260028695883174,0.2903926521534741,3.627583923781102
24,Glyceryl_monostearate,96,0,0.0,0.0338478385128947,0.1656491257551401,1.3672746250661885
24,Glyceryl_monostearate,96,0,0.0025,0.0340286609658227,0.198271101279684,3.1048583695243077
24,Glyceryl_monostearate,96,0,0.005,0.0326878531275184,0.2812819055034952,3.519696837331943
24,Glyceryl_monostearate,96,0,0.01,0.0248308952039893,0.2799370363513815,3.628032543069025
24,Glyceryl_monostearate,96,12,0.0,0.0340911487906716,0.1626422591730907,1.3797076233712162
24,Glyceryl_monostearate,96,12,0.0025,0.0335743513402955,0.1947100994915957,3.1053710980136824
24,Glyceryl_monostearate,96,12,0.005,0.0331057794699467,0.269530184478577,3.513518325619262
24,Glyceryl_monostearate,96,12,0.01,0.0252224134476624,0.2861143400332794,3.627055427276436
24,Glyceryl_monostearate,96,24,0.0,0.0308669336552218,0.1592775213785003,1.059912883687279
24,Glyceryl_monostearate,96,24,0.0025,0.0365711560740362,0.1898659286649295,3.499047374211655
24,Glyceryl_monostearate,96,24,0.005,0.0331610007522568,0.2631281966634831,3.4987158182761435
24,Glyceryl_monostearate,96,24,0.01,0.0254625023517634,0.2906293614251573,3.626578418208128
24,Glyceryl_monostearate,96,48,0.0,0.0342665069483536,0.1567659145283076,1.5418798577406942
24,Glyceryl_monostearate,96,48,0.0025,0.0341821280594524,0.1852302320347637,2.995679246213384
24,Glyceryl_monostearate,96,48,0.005,0.0330198714019774,0.239855128901206,3.4882407497547505
24,Glyceryl_monostearate,96,48,0.01,0.0271268736669985,0.2904886861657104,3.628171481168175
24,Glyceryl_monostearate,72,0,0.0,0.0350257633232898,0.163118392047311,1.411251595526703
24,Glyceryl_monostearate,72,0,0.0025,0.034829745016913,0.1945964957692995,3.0478099146559634
24,Glyceryl_monostearate,72,0,0.005,0.0335017270351364,0.2722478641075816,3.498771961234013
24,Glyceryl_monostearate,72,0,0.01,0.0264127886558819,0.2901204859613687,3.626330030849321
24,Glyceryl_monostearate,72,12,0.0,0.0349453736946932,0.1607987610819797,1.4537865452887528
24,Glyceryl_monostearate,72,12,0.0025,0.0348825501194381,0.192187368293572,3.0332858465854438
24,Glyceryl_monostearate,72,12,0.005,0.0341666816866171,0.263911587673248,3.4980130667236087
24,Glyceryl_monostearate,72,12,0.01,0.0276734063809397,0.2881603509258871,3.62440178195028
24,Glyceryl_monostearate,72,24,0.0,0.0357832901066392,0.1606702706384499,1.5440193136802425
24,Glyceryl_monostearate,72,24,0.0025,0.0352294494308743,0.1895503456104773,2.9782055821269564
24,Glyceryl_monostearate,72,24,0.005,0.033621199901054,0.2456454458933038,3.484425551811668
24,Glyceryl_monostearate,72,24,0.01,0.027155614449045,0.2976188162288838,3.627149530342783
24,Glyceryl_monostearate,72,48,0.0,0.0367286393042514,0.190668133188975,1.6679856097300734
24,Glyceryl_monostearate,72,48,0.0025,0.0396499606444942,0.2066773452123169,2.3943576902642545
24,Glyceryl_monostearate,72,48,0.005,0.0360514792592448,0.2536302040565181,3.492463830205056
24,Glyceryl_monostearate,72,48,0.01,0.0283522978143693,0.3110519598789164,3.6239634973009234
48,Stearic_acid,120,0,0.0,0.0700994376367432,0.1885167118037056,1.7885664098423608
48,Stearic_acid,120,0,0.0025,0.15843003252369,0.4708266922689871,2.4621063236462204
48,Stearic_acid,120,0,0.005,0.1437796330110138,0.4611757723881587,3.442709410761209
48,Stearic_acid,120,0,0.01,0.1167507750879132,0.4202824979232091,3.5923139172715155
48,Stearic_acid,120,12,0.0,0.0715040696785904,0.1810507992821705,1.9815357758661225
48,Stearic_acid,120,12,0.0025,0.1566386532251915,0.473115749579366,3.229935990436447
48,Stearic_acid,120,12,0.005,0.1434402262239411,0.4622824070802219,3.448981400547116
48,Stearic_acid,120,12,0.01,0.1174907863285148,0.4294549720472301,3.592364948056554
48,Stearic_acid,120,24,0.0,0.075682250788546,0.1893232849541378,2.2327830828756032
48,Stearic_acid,120,24,0.0025,0.1659995221651625,0.4964866111438132,3.2631687825281417
48,Stearic_acid,120,24,0.005,0.144087241988704,0.4642100704770356,3.4518455485871664
48,Stearic_acid,120,24,0.01,0.1197239736190092,0.4271585500387092,3.593892065535052
48,Stearic_acid,120,48,0.0,0.0822449157924694,0.2001498386588546,2.5880006299357308
48,Stearic_acid,120,48,0.0025,0.1859396528426924,0.5573922304609787,3.009283676573808
48,Stearic_acid,120,48,0.005,0.1675025771182523,0.5100611065959925,3.4926953775789467
48,Stearic_acid,120,48,0.01,0.1280481752743558,0.4382363547885847,3.5958469201783867
48,Stearic_acid,108,0,0.0,0.0723798375452367,0.1816622162161984,1.9743308977419785
48,Stearic_acid,108,0,0.0025,0.158787235719724,0.4776474733046023,3.2638919653573306
48,Stearic_acid,108,0,0.005,0.1447257185024653,0.4657736077621697,3.4525712816978813
48,Stearic_acid,108,0,0.01,0.1177581011902924,0.4233002939709742,3.592936820631755
48,Stearic_acid,108,12,0.0,0.0645659304876007,0.1725892566447641,1.8196000831179453
48,Stearic_acid,108,12,0.0025,0.1639807346529516,0.4906018950156869,3.023218153817358
48,Stearic_acid,108,12,0.005,0.1467095962681895,0.4692869885849664,3.4577301664759985
48,Stearic_acid,108,12,0.01,0.1203809187676574,0.4252507417235812,3.5894556515196583
48,Stearic_acid,108,24,0.0,0.0810263805245034,0.196840925712429,2.5032641371519424
48,Stearic_acid,108,24,0.0025,0.1801816616708795,0.5376403482427103,3.1512256397189877
48,Stearic_acid,108,24,0.005,0.1568968920898828,0.4895075071837563,3.4789389558574806
48,Stearic_acid,108,24,0.01,0.1198271508223625,0.4253418722848897,3.589511769323006
48,Stearic_acid,108,48,0.0,0.0940950741310103,0.2138273535935564,2.7142483676120164
48,Stearic_acid,108,48,0.0025,0.1923959201667553,0.5838759770027523,2.8807444896619683
48,Stearic_acid,108,48,0.005,0.1792622930238138,0.5423269271766346,3.4478237043118884
48,Stearic_acid,108,48,0.01,0.1393625108943112,0.4659352606671625,3.605239802469305
48,Stearic_acid,96,0,0.0,0.0786084163309191,0.1919997442533225,2.28264450868804
48,Stearic_acid,96,0,0.0025,0.1716632314409466,0.5081662785166389,3.2410175693096672
48,Stearic_acid,96,0,0.005,0.1504541065786048,0.4727081685811254,3.444654505450055
48,Stearic_acid,96,0,0.01,0.125590054470904,0.4325578463067945,3.590577001405735
48,Stearic_acid,96,12,0.0,0.0838774875637959,0.2036020656223492,2.5454272779261067
48,Stearic_acid,96,12,0.0025,0.1820559794765743,0.5421437706734925,3.1452401560673486
48,Stearic_acid,96,12,0.005,0.160732855104964,0.4940657655516489,3.475262754062445
48,Stearic_acid,96,12,0.01,0.1255105381163443,0.4398611696320288,3.5922042706456105
48,Stearic_acid,96,24,0.0,0.0600359116877616,0.1604910502871011,1.200716469668668
48,Stearic_acid,96,24,0.0025,0.2018981967587141,0.6464171735334162,3.2959499166217787
48,Stearic_acid,96,24,0.005,0.1718506899212545,0.5188086215875377,3.4870910584623696
48,Stearic_acid,96,24,0.01,0.1336712181690579,0.4550394789146776,3.593855992015715
48,Stearic_acid,96,48,0.0,0.112534863969984,0.2418493518225126,2.798700508843082
48,Stearic_acid,96,48,0.0025,0.1964385353289052,0.6007810146458,2.56957826499162
48,Stearic_acid,96,48,0.005,0.1876883510110483,0.5686065514388903,3.3682331504347847
48,Stearic_acid,96,48,0.01,0.1512592030967616,0.4890908273538435,3.6112651095990023
48,Stearic_acid,72,0,0.0,0.0999047065682984,0.2227999246498723,2.664018638965052
48,Stearic_acid,72,0,0.0025,0.1908619954355117,0.5735116722104461,2.939871176298572
48,Stearic_acid,72,0,0.005,0.1756090954597584,0.5269762805103679,3.466485671881781
48,Stearic_acid,72,0,0.01,0.1359330141933296,0.4475364530921686,3.6005025074778705
48,Stearic_acid,72,12,0.0,0.1113411208804516,0.2363780017168792,2.7911723989827264
48,Stearic_acid,72,12,0.0025,0.1949519516740913,0.5936889688551399,2.712278830467757
48,Stearic_acid,72,12,0.005,0.183876488337766,0.5546081823269388,3.415547196198741
48,Stearic_acid,72,12,0.01,0.1481105948207874,0.479930876131634,3.6022564993940795
48,Stearic_acid,72,24,0.0,0.1252128401604881,0.2571844546977032,2.791777456177175
48,Stearic_acid,72,24,0.0025,0.1972530796308277,0.6062606833706226,2.4816391981328745
48,Stearic_acid,72,24,0.005,0.190162367668818,0.5767940778689437,3.3336331984692165
48,Stearic_acid,72,24,0.01,0.1584767052021135,0.4997525709543015,3.612490645644773
48,Stearic_acid,72,48,0.0,0.0950141570152055,0.2630465724739819,1.895069330973954
48,Stearic_acid,72,48,0.0025,0.184549201319785,0.5659659511336055,2.376104980237477
48,Stearic_acid,72,48,0.005,0.1969712849458834,0.6067260212345708,3.1570675123352947
48,Stearic_acid,72,48,0.01,0.1760244778356834,0.5375245615203812,3.6159952839257823
48,Compritol_888,120,0,0.0,0.044489614296575,0.116414578274945,1.243263823120617
48,Compritol_888,120,0,0.0025,0.18752210370399,0.5770711570701814,1.5450694886741612
48,Compritol_888,120,0,0.005,0.1965361229629199,0.6115442069872339,1.0695435369080393
48,Compritol_888,120,0,0.01,0.1824136826603684,0.5581527437958756,1.7372594521013622
48,Compritol_888,120,12,0.0,0.0518323140171002,0.1312965822863743,1.2455929303963889
48,Compritol_888,120,12,0.0025,0.1814508555056167,0.563332837296731,1.2283616451242247
48,Compritol_888,120,12,0.005,0.1894276194586335,0.5933324998418679,1.2657393233837433
48,Compritol_888,120,12,0.01,0.1916125749636842,0.5946553362904806,1.368216846215783
48,Compritol_888,120,24,0.0,0.0516283360007498,0.1307059815586324,1.2220935175249077
48,Compritol_888,120,24,0.0025,0.1777154071964571,0.5493022185366849,1.2400329920799988
48,Compritol_888,120,24,0.005,0.189691789564936,0.593576220640375,1.258742878046588
48,Compritol_888,120,24,0.01,0.1910636108779026,0.5933948107598062,1.3996263282688246
48,Compritol_888,120,48,0.0,0.0504645166848641,0.1260016371660682,1.2263398547819118
48,Compritol_888,120,48,0.0025,0.1685823147772033,0.5209995220368269,1.2200484297416676
48,Compritol_888,120,48,0.005,0.1902019116321351,0.5942038308316344,1.2768836221548223
48,Compritol_888,120,48,0.01,0.1918417691304562,0.5951504271967597,1.4019197356871584
48,Compritol_888,108,0,0.0,0.0533710852532724,0.1325428457108955,1.2116286119140942
48,Compritol_888,108,0,0.0025,0.1831118592685008,0.5662520808427137,1.2477726301847567
48,Compritol_888,108,0,0.005,0.1905511523443511,0.5943495642121328,1.3008616065774128
48,Compritol_888,108,0,0.01,0.1910924664526751,0.5945976699271956,1.3929402365201606
48,Compritol_888,108,12,0.0,0.0498409526879105,0.1311561668979072,1.4834237223237048
48,Compritol_888,108,12,0.0025,0.1854590235566202,0.5693209836397272,1.4147299635181747
48,Compritol_888,108,12,0.005,0.1968069817176314,0.6127145020888468,1.2756506705134056
48,Compritol_888,108,12,0.01,0.1917752608996699,0.5932355902864467,1.4786684442361806
48,Compritol_888,108,24,0.0,0.05167076720224,0.1284942548420809,1.2300706525317215
48,Compritol_888,108,24,0.0025,0.1761642672347112,0.5428816128154401,1.235504110525921
48,Compritol_888,108,24,0.005,0.1904781741360739,0.5955666014742054,1.2710454859524951
48,Compritol_888,108,24,0.01,0.1918021130808719,0.5937842534405531,1.41913505993145
48,Compritol_888,108,48,0.0,0.0513950915363009,0.1255597235730957,1.2597346831124725
48,Compritol_888,108,48,0.0025,0.1668049669043694,0.5097348724391781,1.221396959305904
48,Compritol_888,108,48,0.005,0.1908227853385467,0.595028607226867,1.2989003457545922
48,Compritol_888,108,48,0.01,0.1917151276778612,0.5959746398064092,1.4470592397909543
48,Compritol_888,96,0,0.0,0.0528792796312554,0.1292717604589062,1.2341566896956109
48,Compritol_888,96,0,0.0025,0.1818132168903392,0.5611887892839645,1.2355429258881427
48,Compritol_888,96,0,0.005,0.1906645142657813,0.5959453863819603,1.2764279958813345
48,Compritol_888,96,0,0.01,0.1922345928591528,0.5959820287357533,1.3988513643726077
48,Compritol_888,96,12,0.0,0.0528204150817221,0.1289595079063718,1.2365966405860371
48,Compritol_888,96,12,0.0025,0.1789439369229395,0.549814617289457,1.2505342401700368
48,Compritol_888,96,12,0.005,0.1913927715207532,0.5957591056906818,1.2842931632738592
48,Compritol_888,96,12,0.01,0.1922688676913061,0.5942817200354246,1.448651675339177
48,Compritol_888,96,24,0.0,0.0529466572236068,0.1397915582726326,1.5985286113240564
48,Compritol_888,96,24,0.0025,0.1744674551434875,0.5284022358076078,1.4204013734366558
48,Compritol_888,96,24,0.005,0.1911426686314604,0.5911810722191707,1.022513599472565
48,Compritol_888,96,24,0.01,0.1887812395955479,0.58197475075315,1.204468183397274
48,Compritol_888,96,48,0.0,0.0540283355588767,0.1292354285580954,1.348429358914072
48,Compritol_888,96,48,0.0025,0.168076342892455,0.5149896441275648,1.2219953345886077
48,Compritol_888,96,48,0.005,0.1918506075572898,0.5984834656224801,1.2915162731052168
48,Compritol_888,96,48,0.01,0.1931396409005776,0.5992720265831344,1.4073997866282482
48,Compritol_888,72,0,0.0,0.0536906809421345,0.1303368191169557,1.2513339551483005
48,Compritol_888,72,0,0.0025,0.1796387465352331,0.5469141611562116,1.2480605067567274
48,Compritol_888,72,0,0.005,0.1924296023891242,0.6010506154280459,1.2945058590060217
48,Compritol_888,72,0,0.01,0.1932797852195146,0.6003459364893845,1.4026939343054212
48,Compritol_888,72,12,0.0,0.0530863807813169,0.1307465482031778,1.2950370296298597
48,Compritol_888,72,12,0.0025,0.1753272294798138,0.5338372687943608,1.2327260881825972
48,Compritol_888,72,12,0.005,0.1927705262285357,0.6010134593617312,1.299250579418818
48,Compritol_888,72,12,0.01,0.1934350404898425,0.600076851274218,1.4409206299223445
48,Compritol_888,72,24,0.0,0.0562680773839338,0.1316162590975796,1.3704393585166472
48,Compritol_888,72,24,0.0025,0.1746497402461858,0.5285380952821805,1.2423500742570874
48,Compritol_888,72,24,0.005,0.1929569304758944,0.6008885775168455,1.2968958472111076
48,Compritol_888,72,24,0.01,0.1939039445966871,0.6010200256092179,1.3976449389910934
48,Compritol_888,72,48,0.0,0.0583020364993043,0.1548221976529078,1.681056019543778
48,Compritol_888,72,48,0.0025,0.1812557112154083,0.5535496516938375,0.8000270650252826
48,Compritol_888,72,48,0.005,0.1988487312933019,0.6210366005892045,1.4784775114183517
48,Compritol_888,72,48,0.01,0.1895282059811668,0.5849915114595298,1.2881761661156854
48,Glyceryl_monostearate,120,0,0.0,0.0667259996338991,0.178867972467917,0.6477740502688316
48,Glyceryl_monostearate,120,0,0.0025,0.0836345386978887,0.2283430645269815,2.736360402537742
48,Glyceryl_monostearate,120,0,0.005,0.081924421619132,0.3255299966523304,2.985967362015857
48,Glyceryl_monostearate,120,0,0.01,0.0741684089976074,0.3785017776590582,3.5620737005988024
48,Glyceryl_monostearate,120,12,0.0,0.0643434521912321,0.175763573295232,1.4555117672043043
48,Glyceryl_monostearate,120,12,0.0025,0.0750773560740785,0.2279961856875174,1.7641460189708236
48,Glyceryl_monostearate,120,12,0.005,0.0814365578271047,0.3145651977153037,3.0252998083291063
48,Glyceryl_monostearate,120,12,0.01,0.075320982274835,0.3820641319761788,3.5510775058476542
48,Glyceryl_monostearate,120,24,0.0,0.0633335278286949,0.1718042719217947,1.4678861820790996
48,Glyceryl_monostearate,120,24,0.0025,0.074156033393741,0.2272425874076211,1.7677689647731163
48,Glyceryl_monostearate,120,24,0.005,0.0805774805267471,0.2998207077152089,2.974472653015158
48,Glyceryl_monostearate,120,24,0.01,0.0757772833754715,0.3859840417065537,3.549808640170466
48,Glyceryl_monostearate,120,48,0.0,0.064291617795257,0.1734729166433948,1.6368811407877142
48,Glyceryl_monostearate,120,48,0.0025,0.0736652465665123,0.227444779834251,1.9891535857840157
48,Glyceryl_monostearate,120,48,0.005,0.0799874507002215,0.2900691900042625,2.9234733208038413
48,Glyceryl_monostearate,120,48,0.01,0.0781642363971262,0.3899493730820784,3.5660601485918715
48,Glyceryl_monostearate,108,0,0.0,0.0650966870992987,0.1768263098614107,1.46097995875581
48,Glyceryl_monostearate,108,0,0.0025,0.0754817422129971,0.2313999346945429,1.7401111509831908
48,Glyceryl_monostearate,108,0,0.005,0.0819478192386502,0.3166150162006117,2.9951488302252023
48,Glyceryl_monostearate,108,0,0.01,0.0754549347545799,0.3842249819120596,3.5515927130249154
48,Glyceryl_monostearate,108,12,0.0,0.0607832229911942,0.1617949674887755,1.5405317646777454
48,Glyceryl_monostearate,108,12,0.0025,0.0935527041431698,0.2588791541270598,2.1064989092349693
48,Glyceryl_monostearate,108,12,0.005,0.0811195614151918,0.3069183307176599,2.9748097255432926
48,Glyceryl_monostearate,108,12,0.01,0.0774506282311355,0.3883036924229261,3.5563680610030626
48,Glyceryl_monostearate,108,24,0.0,0.0641026703738941,0.1760278674456759,1.5968297937188842
48,Glyceryl_monostearate,108,24,0.0025,0.0741332725845149,0.2245702326158468,1.8133410956938096
48,Glyceryl_monostearate,108,24,0.005,0.0808077582339768,0.2942637408341796,2.9340700559426707
48,Glyceryl_monostearate,108,24,0.01,0.0767896629296762,0.3943493744258379,3.564041805870278
48,Glyceryl_monostearate,108,48,0.0,0.0660486522750709,0.1779159130360988,1.6913161666054972
48,Glyceryl_monostearate,108,48,0.0025,0.0750397644693185,0.2326662052744926,2.0625551327079257
48,Glyceryl_monostearate,108,48,0.005,0.0812096351118652,0.2944875217977078,2.977479136949776
48,Glyceryl_monostearate,108,48,0.01,0.0811814467314957,0.3998107863269209,3.555922164208392
48,Glyceryl_monostearate,96,0,0.0,0.0641813300520365,0.1747548205895643,1.494987969675126
48,Glyceryl_monostearate,96,0,0.0025,0.0752470509146073,0.2287018280689765,1.7859772405490009
48,Glyceryl_monostearate,96,0,0.005,0.0818901893127716,0.3098014022257176,2.9510828388792416
48,Glyceryl_monostearate,96,0,0.01,0.0766227598984842,0.392855084104962,3.556234099629317
48,Glyceryl_monostearate,96,12,0.0,0.0643721813848506,0.1771817895608031,1.596482221112829
48,Glyceryl_monostearate,96,12,0.0025,0.0742356023223823,0.2257992076667324,1.8514650839466809
48,Glyceryl_monostearate,96,12,0.005,0.0813693091769311,0.3011498461368162,2.949322345486608
48,Glyceryl_monostearate,96,12,0.01,0.0784533805678489,0.3900616750902271,3.5512748682263124
48,Glyceryl_monostearate,96,24,0.0,0.0625178228057085,0.1668697830648022,1.926462667121893
48,Glyceryl_monostearate,96,24,0.0025,0.0782882725121086,0.2123687309612067,2.321296604504562
48,Glyceryl_monostearate,96,24,0.005,0.0811202305235546,0.2957301041103735,2.920274153231635
48,Glyceryl_monostearate,96,24,0.01,0.0796856611470258,0.3936857581795801,3.55856008021852
48,Glyceryl_monostearate,96,48,0.0,0.0678396403408581,0.1778828144641533,1.722281108273087
48,Glyceryl_monostearate,96,48,0.0025,0.0785991222022338,0.2428369763852657,1.966587537735464
48,Glyceryl_monostearate,96,48,0.005,0.0835083864090946,0.3101506034122723,2.9012747512954857
48,Glyceryl_monostearate,96,48,0.01,0.0817031741533885,0.4120797001366263,3.562543412920802
48,Glyceryl_monostearate,72,0,0.0,0.0668370457862007,0.1781759010886952,1.6677894489842573
48,Glyceryl_monostearate,72,0,0.0025,0.0759680108990149,0.2345014419595238,2.0042773521683417
48,Glyceryl_monostearate,72,0,0.005,0.0820028015600962,0.3035512197989445,2.9475254747854125
48,Glyceryl_monostearate,72,0,0.01,0.0795972270858315,0.3975051920462374,3.5459138610600123
48,Glyceryl_monostearate,72,12,0.0,0.0672170720025306,0.178682148829481,1.7422090303680002
48,Glyceryl_monostearate,72,12,0.0025,0.0773258501379697,0.2380209020229185,2.0905424949214995
48,Glyceryl_monostearate,72,12,0.005,0.083674634208132,0.3085977315038176,2.9857096655489914
48,Glyceryl_monostearate,72,12,0.01,0.0802083439637906,0.4053055676581219,3.5510454048078106
48,Glyceryl_monostearate,72,24,0.0,0.0699440090495534,0.1836998554492628,1.7415046466739887
48,Glyceryl_monostearate,72,24,0.0025,0.0804964953277095,0.2443622344838575,1.8979777356680383
48,Glyceryl_monostearate,72,24,0.005,0.0855458077966529,0.3190865121782984,2.8223611975128837
48,Glyceryl_monostearate,72,24,0.01,0.0820237639649016,0.4132044232585771,3.566626881904756
48,Glyceryl_monostearate,72,48,0.0,0.0779109731133617,0.2113921341493253,2.0576592585838376
48,Glyceryl_monostearate,72,48,0.0025,0.0854190477155194,0.2335748331620606,0.93740504103038
48,Glyceryl_monostearate,72,48,0.005,0.0926329710380599,0.3530341040409285,2.3985121869558075
48,Glyceryl_monostearate,72,48,0.01,0.0890152766496322,0.4346622349710744,3.559119528394876
