tau,equiv_pldn,conc_dfnb,temperature,sty,e_factor
0.5,1.0,0.1,30.0,412.3495839287657,235.2112331970266
0.5,1.0,0.1,52.5,815.2954711827507,118.41827666896228
0.5,1.0,0.1,75.0,1271.58694468066,75.53004707200589
0.5,1.0,0.1,97.5,1650.0601055298073,57.952150831936166
0.5,1.0,0.1,120.0,1899.8047897178035,50.18751387396503
0.5,1.0,0.2,30.0,1407.8072156843823,70.07870084436325
0.5,1.0,0.2,52.5,2430.3916994501665,40.12982713375164
0.5,1.0,0.2,75.0,3305.7671183853627,29.21085430709891
0.5,1.0,0.2,97.5,3864.8518492077988,24.824367701120416
0.5,1.0,0.2,120.0,4159.23931492131,22.987410965205438
0.5,1.0,0.3,30.0,2762.25444239853,36.17708764681985
0.5,1.0,0.3,52.5,4355.814361471248,22.538606858300067
0.5,1.0,0.3,75.0,5501.990817805709,17.61270971585983
0.5,1.0,0.3,97.5,6134.518284752584,15.681286364008672
0.5,1.0,0.3,120.0,6424.180214688107,14.922504036894868
0.5,1.0,0.4,30.0,4353.580745323522,23.186084105754887
0.5,1.0,0.4,52.5,6430.098282589901,15.342212909950508
0.5,1.0,0.4,75.0,7755.915721827665,12.529852591451313
0.5,1.0,0.4,97.5,8414.197453589473,11.461450205417409
0.5,1.0,0.4,120.0,8684.397313590756,11.068507229832807
0.5,1.0,0.5,30.0,6106.956834657709,16.66559170325456
0.5,1.0,0.5,52.5,8589.737768556806,11.52946136775302
0.5,1.0,0.5,75.0,10032.269675441557,9.711662458182632
0.5,1.0,0.5,97.5,10694.522326031625,9.040021411302945
0.5,1.0,0.5,120.0,10938.297984808696,8.811969688565073
0.5,1.8,0.1,30.0,693.0853985165076,140.478072571194
0.5,1.8,0.1,52.5,1278.6655879248951,75.64012241217365
0.5,1.8,0.1,75.0,1828.4542496707777,52.56383044786395
0.5,1.8,0.1,97.5,2156.66605248601,44.393668474426306
0.5,1.8,0.1,120.0,2244.7967212142944,42.601710879031515
0.5,1.8,0.2,30.0,2252.6867211742374,43.98889822643431
0.5,1.8,0.2,52.5,3540.5688430252594,27.586470804513688
0.5,1.8,0.2,75.0,4330.76570881656,22.349142862116352
0.5,1.8,0.2,97.5,4521.19589447825,21.35533160165396
0.5,1.8,0.2,120.0,4345.211256551913,22.25381064187136
0.5,1.8,0.3,30.0,4257.140440877628,23.568110574507767
0.5,1.8,0.3,52.5,6029.9327325530685,16.313700822279753
0.5,1.8,0.3,75.0,6773.916366222633,14.39660232221322
0.5,1.8,0.3,97.5,6691.130243127843,14.579427982629923
0.5,1.8,0.3,120.0,6224.312269501592,15.739602647424428
0.5,1.8,0.4,30.0,6507.192541247591,15.567514375377387
0.5,1.8,0.4,52.5,8559.48292399463,11.56852036203118
0.5,1.8,0.4,75.0,9108.620561553118,10.798861155824193
0.5,1.8,0.4,97.5,8728.120833663657,11.305986709451888
0.5,1.8,0.4,120.0,7942.04132463164,12.513690176443689
0.5,1.8,0.5,30.0,8897.572894800134,11.476505089490358
0.5,1.8,0.5,52.5,11068.778336751604,9.006275760387432
0.5,1.8,0.5,75.0,11349.600565406074,8.748958492594692
0.5,1.8,0.5,97.5,10663.109295504917,9.36882012540588
0.5,1.8,0.5,120.0,9524.006684220536,10.596613998888268
0.5,2.6,0.1,30.0,935.7540070837989,104.49231748386978
0.5,2.6,0.1,52.5,1613.1626526778423,60.15033116738064
0.5,2.6,0.1,75.0,2108.847596219938,45.75056921233698
0.5,2.6,0.1,97.5,2259.831337774625,42.614333753672604
0.5,2.6,0.1,120.0,2176.114324011165,44.284626855944744
0.5,2.6,0.2,30.0,2898.7213812799514,34.41075761147505
0.5,2.6,0.2,52.5,4139.337221920827,23.76536672697325
0.5,2.6,0.2,75.0,4550.682683283584,21.511967528855973
0.5,2.6,0.2,97.5,4369.408921226998,22.438019158202664
0.5,2.6,0.2,120.0,3939.4483182098875,24.98470189441013
0.5,2.6,0.3,30.0,5274.26536404885,19.198710652371243
0.5,2.6,0.3,52.5,6688.331517124754,14.903500796384291
0.5,2.6,0.3,75.0,6772.419176236186,14.696110341893789
0.5,2.6,0.3,97.5,6239.570921094853,16.02716005148345
0.5,2.6,0.3,120.0,5374.41894826703,18.751551291016256
0.5,2.6,0.4,30.0,7814.076835256545,13.128546747242257
0.5,2.6,0.4,52.5,9133.77767937648,11.067857669397029
0.5,2.6,0.4,75.0,8850.059476989909,11.44635383067502
0.5,2.6,0.4,97.5,7927.092112928038,12.883511078201963
0.5,2.6,0.4,120.0,6549.1687791416625,15.782980817958126
0.5,2.6,0.5,30.0,10407.733401455358,9.978505740355448
0.5,2.6,0.5,52.5,11474.177093636723,8.942698988799501
0.5,2.6,0.5,75.0,10821.680235416265,9.533775782629247
0.5,2.6,0.5,97.5,9453.9097218219,11.042984287695985
0.5,2.6,0.5,120.0,7513.599334221117,14.126581894301182
0.5,3.4,0.1,30.0,1144.9416844454302,85.79619059338754
0.5,3.4,0.1,52.5,1848.732676321816,52.71426647055063
0.5,3.4,0.1,75.0,2231.0014886784506,43.48931873473359
0.5,3.4,0.1,97.5,2238.100471067595,43.338796692571634
0.5,3.4,0.1,120.0,2068.9337755891115,46.95501159762663
0.5,3.4,0.2,30.0,3385.612740610582,29.70680356886807
0.5,3.4,0.2,52.5,4430.123958139662,22.439876907685928
0.5,3.4,0.2,75.0,4519.469283472465,21.965831145356876
0.5,3.4,0.2,97.5,4158.153082405079,23.951810839277055
0.5,3.4,0.2,120.0,3556.867083178068,28.15250249677566
0.5,3.4,0.3,30.0,5945.192241570503,17.251764956179468
0.5,3.4,0.3,52.5,6871.714151972398,14.771969206025565
0.5,3.4,0.3,75.0,6569.292145038804,15.489487179735201
0.5,3.4,0.3,97.5,5787.462694774668,17.70318614437591
0.5,3.4,0.3,120.0,4621.387510287094,22.39659822302892
0.5,3.4,0.4,30.0,8561.824687784367,12.203839338111122
0.5,3.4,0.4,52.5,9159.052056548924,11.328988091990066
0.5,3.4,0.4,75.0,8467.861131163676,12.325917551271658
0.5,3.4,0.4,97.5,7174.496808386425,14.709816733046718
0.5,3.4,0.4,120.0,5371.249390366033,19.949821236426878
0.5,3.4,0.5,30.0,11142.563201298184,9.552923097632197
0.5,3.4,0.5,52.5,11337.050047120274,9.360867893132788
0.5,3.4,0.5,75.0,10234.40899114995,10.465904261928893
0.5,3.4,0.5,97.5,8353.435428166169,13.024780811189718
0.5,3.4,0.5,120.0,5883.336956097394,18.870595860691314
0.5,4.2,0.1,30.0,1324.785099779467,74.51499404193939
0.5,4.2,0.1,52.5,2011.9784022071992,48.68651073469201
0.5,4.2,0.1,75.0,2272.3381412433864,42.97644433137123
0.5,4.2,0.1,97.5,2188.1576366981126,44.659872399828565
0.5,4.2,0.1,120.0,1963.4627668567027,49.873158360815566
0.5,4.2,0.2,30.0,3748.996079853263,27.08451053766879
0.5,4.2,0.2,52.5,4552.034764167106,22.10770754409367
0.5,4.2,0.2,75.0,4431.178990120688,22.728962429002614
0.5,4.2,0.2,97.5,3951.0227388052904,25.600116035148847
0.5,4.2,0.2,120.0,3207.0868905600573,31.746679286264325
0.5,4.2,0.3,30.0,6373.500026113546,16.339070235116118
0.5,4.2,0.3,52.5,6871.736211555512,15.067324982772547
0.5,4.2,0.3,75.0,6351.320262426341,16.374312316464827
0.5,4.2,0.3,97.5,5362.386277209395,19.559671170398502
0.5,4.2,0.3,120.0,3965.5636054031484,26.765786333023428
0.5,4.2,0.4,30.0,8961.193938910292,11.914563601510055
0.5,4.2,0.4,52.5,9038.298773529474,11.793585079196044
0.5,4.2,0.4,75.0,8091.603935869806,13.278336195352333
0.5,4.2,0.4,97.5,6485.470702382696,16.789164886577957
0.5,4.2,0.4,120.0,4390.49687848945,25.229360721032542
0.5,4.2,0.5,30.0,11457.643792810757,9.556459370698368
0.5,4.2,0.5,52.5,11102.21378436379,9.88505722189414
0.5,4.2,0.5,75.0,9670.13642621366,11.48208784778833
0.5,4.2,0.5,97.5,7369.921025475499,15.346107547571677
0.5,4.2,0.5,120.0,4583.24635003812,25.223883150676055
0.5,5.0,0.1,30.0,1479.555904670501,67.06645908150571
0.5,5.0,0.1,52.5,2122.401598939265,46.417109742173565
0.5,5.0,0.1,75.0,2275.8154481986066,43.206826809057425
0.5,5.0,0.1,97.5,2133.5371765350937,46.14607015041159
0.5,5.0,0.1,120.0,1862.3305211941545,52.996799061786746
0.5,5.0,0.2,30.0,4017.156461243245,25.542482927283363
0.5,5.0,0.2,52.5,4588.274138789359,22.22023767095662
0.5,5.0,0.2,75.0,4333.375478674874,23.577208429333513
0.5,5.0,0.2,97.5,3752.4302722831476,27.366378398800805
0.5,5.0,0.2,120.0,2889.376880570488,35.80891767410116
0.5,5.0,0.3,30.0,6639.143978851052,15.948958590614573
0.5,5.0,0.3,52.5,6808.607747649119,15.515326756997696
0.5,5.0,0.3,75.0,6136.434344468144,17.312937667844746
0.5,5.0,0.3,97.5,4965.746293001435,21.606243773609563
0.5,5.0,0.3,120.0,3397.642000325497,31.993056385515796
0.5,5.0,0.4,30.0,9157.480637589728,11.932640138858734
0.5,5.0,0.4,52.5,8884.294159411247,12.32080223325135
0.5,5.0,0.4,75.0,7728.778235045928,14.297215040084424
0.5,5.0,0.4,97.5,5858.33890059141,19.148860294347845
0.5,5.0,0.4,120.0,3579.3360050627452,31.914165275105898
0.5,5.0,0.5,30.0,11559.605121586617,9.756260578228623
0.5,5.0,0.5,52.5,10854.441212565032,10.445683861960582
0.5,5.0,0.5,75.0,9132.10233656886,12.58530141073043
0.5,5.0,0.5,97.5,6495.631976345154,18.058278698316713
0.5,5.0,0.5,120.0,3556.0432331465563,33.7306419883098
0.8,1.0,0.1,30.0,373.89424091009585,161.78516481453326
0.8,1.0,0.1,52.5,676.4499111661902,88.9311479116537
0.8,1.0,0.1,75.0,961.3759205173152,62.247279594151145
0.8,1.0,0.1,97.5,1158.8538463785112,51.45077670486257
0.8,1.0,0.1,120.0,1270.5607260173833,46.82856955932949
0.8,1.0,0.2,30.0,1196.899364515762,51.22574646236964
0.8,1.0,0.2,52.5,1860.020518849699,32.57011708602786
0.8,1.0,0.2,75.0,2323.9696459832003,25.846794247468797
0.8,1.0,0.2,97.5,2574.2530383747617,23.22488276536545
0.8,1.0,0.2,120.0,2686.1544408557597,22.209414105449085
0.8,1.0,0.3,30.0,2244.343288314755,27.57439493715337
0.8,1.0,0.3,52.5,3184.573706931563,19.107287276981438
0.8,1.0,0.3,75.0,3740.175041968631,16.103708237856935
0.8,1.0,0.3,97.5,3999.631293086341,14.985577494084641
0.8,1.0,0.3,120.0,4096.7317045708805,14.602239520644497
0.8,1.0,0.4,30.0,3419.482002670064,18.224960350439694
0.8,1.0,0.4,52.5,4565.966184356693,13.371247645967218
0.8,1.0,0.4,75.0,5170.935968267409,11.676245227528854
0.8,1.0,0.4,97.5,5423.426818852169,11.079271889977182
0.8,1.0,0.4,120.0,5502.146604057636,10.903054224801329
0.8,1.0,0.5,30.0,4672.787963688887,13.411069908411703
0.8,1.0,0.5,52.5,5976.54314263016,10.244044844852256
0.8,1.0,0.5,75.0,6605.109265290504,9.162454822998523
0.8,1.0,0.5,97.5,6844.340934748254,8.801585657003622
0.8,1.0,0.5,120.0,6903.927589467351,8.714289541507085
0.8,1.8,0.1,30.0,609.1465989875483,99.57944752781447
0.8,1.8,0.1,52.5,1011.2271919728822,59.546592198102545
0.8,1.8,0.1,75.0,1300.0061839181278,46.072172151052904
0.8,1.8,0.1,97.5,1407.201784523705,42.473732367398576
0.8,1.8,0.1,120.0,1382.0307997043342,43.258373363040846
0.8,1.8,0.2,30.0,1832.6893943183557,33.53837650012698
0.8,1.8,0.2,52.5,2552.949646712712,23.76374995801301
0.8,1.8,0.2,75.0,2831.756946581916,21.310917014972578
0.8,1.8,0.2,97.5,2776.52661084501,21.74726108110652
0.8,1.8,0.2,120.0,2570.1791353479994,23.564875321351735
0.8,1.8,0.3,30.0,3286.1929149856937,18.87231410300824
0.8,1.8,0.3,52.5,4128.842246042198,14.793041495779105
0.8,1.8,0.3,75.0,4260.904768390792,14.293464228914804
0.8,1.8,0.3,97.5,4016.789874260816,15.215281323659823
0.8,1.8,0.3,120.0,3600.58659266468,17.077701851592433
0.8,1.8,0.4,30.0,4833.590495599954,12.923293540669498
0.8,1.8,0.4,52.5,5667.087088573313,10.85667031240175
0.8,1.8,0.4,75.0,5611.04068621262,10.966963073264994
0.8,1.8,0.4,97.5,5167.247647242219,11.985618312682735
0.8,1.8,0.4,120.0,4510.180801531069,13.862433680599201
0.8,1.8,0.5,30.0,6418.157584266357,9.795852458020267
0.8,1.8,0.5,52.5,7157.758278335529,8.664918169436902
0.8,1.8,0.5,75.0,6903.428138612164,9.013418366717925
0.8,1.8,0.5,97.5,6241.165154512487,10.065039867090995
0.8,1.8,0.5,120.0,5323.526262308218,11.95466052283424
0.8,2.6,0.1,30.0,797.4828919989494,76.33753893958469
0.8,2.6,0.1,52.5,1214.3850772817382,49.75116804507598
0.8,2.6,0.1,75.0,1407.876150231403,42.75784941303919
0.8,2.6,0.1,97.5,1391.3222427372216,43.27000326024678
0.8,2.6,0.1,120.0,1280.6166006611534,47.087631916489386
0.8,2.6,0.2,30.0,2255.425063703358,27.4238386605906
0.8,2.6,0.2,52.5,2807.198871601541,21.813434635864173
0.8,2.6,0.2,75.0,2811.627707860565,21.768072019542377
0.8,2.6,0.2,97.5,2574.511420334793,23.85518956064036
0.8,2.6,0.2,120.0,2198.5935175394234,28.08736719718238
0.8,2.6,0.3,30.0,3862.1955298686385,16.224033570641673
0.8,2.6,0.3,52.5,4302.2119044693745,14.446303812114632
0.8,2.6,0.3,75.0,4076.123801748616,15.294721614795842
0.8,2.6,0.3,97.5,3578.3300516263844,17.547302201353897
0.8,2.6,0.3,120.0,2865.4677272145864,22.136010853321775
0.8,2.6,0.4,30.0,5478.638666814454,11.582197792121567
0.8,2.6,0.4,52.5,5707.5968165084705,11.065542252155566
0.8,2.6,0.4,75.0,5246.7906267358785,12.115581259788142
0.8,2.6,0.4,97.5,4435.160601216234,14.49704951821194
0.8,2.6,0.4,120.0,3352.001493231269,19.471888453000236
0.8,2.6,0.5,30.0,7062.960897253868,9.101171692136726
0.8,2.6,0.5,52.5,7050.454075734216,9.109336563847817
0.8,2.6,0.5,75.0,6335.339472233941,10.238844174529484
0.8,2.6,0.5,97.5,5168.567029544936,12.752948636650125
0.8,2.6,0.5,120.0,3705.2273210864973,18.1445970922984
0.8,3.4,0.1,30.0,947.6365218156983,64.51752255591965
0.8,3.4,0.1,52.5,1329.9886817053607,45.65075668133937
0.8,3.4,0.1,75.0,1422.7198465999118,42.59671370863403
0.8,3.4,0.1,97.5,1339.5301761375524,45.29580653122786
0.8,3.4,0.1,120.0,1179.70747986637,51.55379902630528
0.8,3.4,0.2,30.0,2526.676949635699,24.69864761039456
0.8,3.4,0.2,52.5,2867.1783517316644,21.629047766422328
0.8,3.4,0.2,75.0,2718.951779897604,22.854099294849167
0.8,3.4,0.2,97.5,2376.195705860104,26.280187199524924
0.8,3.4,0.2,120.0,1872.5445842200697,33.59016098827538
0.8,3.4,0.3,30.0,4152.910350712252,15.318276770123665
0.8,3.4,0.3,52.5,4261.171719649456,14.89222996614798
0.8,3.4,0.3,75.0,3863.690311919737,16.51632744192202
0.8,3.4,0.3,97.5,3176.888776676658,20.28108929545776
0.8,3.4,0.3,120.0,2264.451231139291,28.81531456963513
0.8,3.4,0.4,30.0,5721.1632431711805,11.341135634090715
0.8,3.4,0.4,52.5,5568.290067794357,11.670688370620427
0.8,3.4,0.4,75.0,4884.921695524712,13.429045154433737
0.8,3.4,0.4,97.5,3791.971287951123,17.55859669610619
0.8,3.4,0.4,120.0,2462.9605886391537,27.518637579737135
0.8,3.4,0.5,30.0,7223.05971622393,9.168130169133603
0.8,3.4,0.5,52.5,6811.80107748475,9.772985276108486
0.8,3.4,0.5,75.0,5796.001478672865,11.643325735553237
0.8,3.4,0.5,97.5,4259.1422876361985,16.16894881094423
0.8,3.4,0.5,120.0,2533.872122600175,27.79112395213569
0.8,4.2,0.1,30.0,1066.26179651431,57.61720190845915
0.8,4.2,0.1,52.5,1391.6069871524946,43.88600792753276
0.8,4.2,0.1,75.0,1408.1754108404145,43.34742335356453
0.8,4.2,0.1,97.5,1286.0592376209358,47.54815276443086
0.8,4.2,0.1,120.0,1085.4167527701707,56.503415691034164
0.8,4.2,0.2,30.0,2694.1471186684657,23.410892949218937
0.8,4.2,0.2,52.5,2857.435794150362,22.00236310938442
0.8,4.2,0.2,75.0,2622.301357434826,24.054949029632795
0.8,4.2,0.2,97.5,2190.7375995569737,28.970546210850987
0.8,4.2,0.2,120.0,1591.1605522049508,40.225752328985685
0.8,4.2,0.3,30.0,4283.658123045307,15.114605293302956
0.8,4.2,0.3,52.5,4177.98108332891,15.512692372439803
0.8,4.2,0.3,75.0,3658.7138239236656,17.84185946935257
0.8,4.2,0.3,97.5,2816.4554081805777,23.446112850922063
0.8,4.2,0.3,120.0,1781.139505130454,37.59754020104858
0.8,4.2,0.4,30.0,5782.401611706833,11.502641856949705
0.8,4.2,0.4,52.5,5411.296023823141,12.350733052818924
0.8,4.2,0.4,75.0,4543.824562007388,14.880246941669421
0.8,4.2,0.4,97.5,3235.196524389253,21.262833369864985
0.8,4.2,0.4,120.0,1794.4365324507496,39.05800454052184
0.8,4.2,0.5,30.0,7210.368836347977,9.479660309693827
0.8,4.2,0.5,52.5,6570.138479102138,10.490254440302735
0.8,4.2,0.5,75.0,5297.502068675038,13.226355806733254
0.8,4.2,0.5,97.5,3498.93541523542,20.487312643150297
0.8,4.2,0.5,120.0,1710.0917298572033,42.861014311662416
0.8,5.0,0.1,30.0,1159.2648165515463,53.27426836874983
0.8,5.0,0.1,52.5,1421.1726428639474,43.2489976243673
0.8,5.0,0.1,75.0,1385.359298512278,44.383747362575825
0.8,5.0,0.1,97.5,1234.0355866996445,49.93627181440872
0.8,5.0,0.1,120.0,998.0152413091113,61.957951722632174
0.8,5.0,0.2,30.0,2793.961147868403,22.839779999145215
0.8,5.0,0.2,52.5,2825.6077673255086,22.561705695582422
0.8,5.0,0.2,75.0,2527.739433015733,25.32606323094114
0.8,5.0,0.2,97.5,2018.5974186048352,31.94049160889682
0.8,5.0,0.2,120.0,1349.7758557100005,48.21277202744089
0.8,5.0,0.3,30.0,4330.993913770839,15.231512849406615
0.8,5.0,0.3,52.5,4089.0240109078063,16.18273300304099
0.8,5.0,0.3,75.0,3463.140482966822,19.2698395259625
0.8,5.0,0.3,97.5,2494.5098382809565,27.101393803241354
0.8,5.0,0.3,120.0,1395.6522635362728,49.148548709255586
0.8,5.0,0.4,30.0,5769.639268415971,11.82437152803804
0.8,5.0,0.4,52.5,5255.794728860951,13.06750148372883
0.8,5.0,0.4,75.0,4224.5191894149,16.47693966519747
0.8,5.0,0.4,97.5,2755.892241869049,25.736808675560834
0.8,5.0,0.4,120.0,1298.760244897229,55.623430907766895
0.8,5.0,0.5,30.0,7143.073539162053,9.875514959053932
0.8,5.0,0.5,52.5,6334.7087278096715,11.250351279339869
0.8,5.0,0.5,75.0,4838.4491462571705,15.007461961933691
0.8,5.0,0.5,97.5,2867.681772924337,25.9394727225202
0.8,5.0,0.5,120.0,1142.5668623848392,66.46665427184608
1.1,1.0,0.1,30.0,341.9624528405436,128.42372255823793
1.1,1.0,0.1,52.5,578.0818289973801,75.51876502833109
1.1,1.0,0.1,75.0,772.1147851112403,56.26313946150117
1.1,1.0,0.1,97.5,891.8637122249526,48.559284992060434
1.1,1.0,0.1,120.0,953.005994934213,45.37120252063338
1.1,1.0,0.2,30.0,1041.0017378816622,42.65402171062628
1.1,1.0,0.2,52.5,1505.2100383545617,29.159173649935354
1.1,1.0,0.2,75.0,1790.1873394091904,24.340517319959645
1.1,1.0,0.2,97.5,1926.9387227729665,22.532945047837288
1.1,1.0,0.2,120.0,1980.6861796736562,21.889547302406356
1.1,1.0,0.3,30.0,1889.5850010565514,23.66915512198949
1.1,1.0,0.3,52.5,2507.578002754518,17.563428326205962
1.1,1.0,0.3,75.0,2829.789072819311,15.436371338323045
1.1,1.0,0.3,97.5,2962.607550051169,14.692849916240947
1.1,1.0,0.3,120.0,3002.990555927402,14.478522178724532
1.1,1.0,0.4,30.0,2813.9851919237117,15.978437385054304
1.1,1.0,0.4,52.5,3537.187626525882,12.485063702421277
1.1,1.0,0.4,75.0,3873.1571794784877,11.304567981889392
1.1,1.0,0.4,97.5,3995.417556819786,10.922835275667937
1.1,1.0,0.4,120.0,4021.7459771282374,10.842356796858917
1.1,1.0,0.5,30.0,3782.600861518766,11.93684490900461
1.1,1.0,0.5,52.5,4577.637598950043,9.670907955199988
1.1,1.0,0.5,75.0,4916.48885476405,8.926409857076278
1.1,1.0,0.5,97.5,5025.759940749433,8.706318978226731
1.1,1.0,0.5,120.0,5037.993215023949,8.680911700993803
1.1,1.8,0.1,30.0,542.5035333968165,81.11607181742083
1.1,1.8,0.1,52.5,832.476593419898,52.476615728578125
1.1,1.8,0.1,75.0,997.4513642285201,43.61180293993202
1.1,1.8,0.1,97.5,1026.5309187851822,42.338505314430506
1.1,1.8,0.1,120.0,978.435372506368,44.461782777481744
1.1,1.8,0.2,30.0,1539.3274384076826,28.89211025901555
1.1,1.8,0.2,52.5,1976.6497474298417,22.253623589777764
1.1,1.8,0.2,75.0,2069.236124242214,21.20223727055746
1.1,1.8,0.2,97.5,1965.5123432696587,22.366510729402073
1.1,1.8,0.2,120.0,1774.7777986671274,24.8665608511313
1.1,1.8,0.3,30.0,2660.554658984763,16.840383262653106
1.1,1.8,0.3,52.5,3097.368070434084,14.306056317875688
1.1,1.8,0.3,75.0,3054.7830219839198,14.511419812155056
1.1,1.8,0.3,97.5,2806.1730483373276,15.876284122337317
1.1,1.8,0.3,120.0,2441.8863623959487,18.378576179562568
1.1,1.8,0.4,30.0,3815.7729120042945,11.818358035168137
1.1,1.8,0.4,52.5,4171.318009221983,10.711694714742707
1.1,1.8,0.4,75.0,3983.5576547262162,11.256133921014063
1.1,1.8,0.4,97.5,3571.533565533795,12.658217752720363
1.1,1.8,0.4,120.0,3014.8860098990326,15.16103136355591
1.1,1.8,0.5,30.0,4971.271988198643,9.129601691741815
1.1,1.8,0.5,52.5,5204.864764450081,8.66363722788369
1.1,1.8,0.5,75.0,4868.241309177471,9.323666806173337
1.1,1.8,0.5,97.5,4273.378972774541,10.746524307999097
1.1,1.8,0.5,120.0,3517.0602780998815,13.250529323010715
1.1,2.6,0.1,30.0,692.4514227489954,63.760294777594005
1.1,2.6,0.1,52.5,961.7309266064445,45.597173965086576
1.1,2.6,0.1,75.0,1035.1110117286455,42.2804108583321
1.1,2.6,0.1,97.5,983.424852181174,44.5471340459926
1.1,2.6,0.1,120.0,878.1334312895272,49.9959719684643
1.1,2.6,0.2,30.0,1828.4207813265216,24.48851306798642
1.1,2.6,0.2,52.5,2082.950130815624,21.356309454537104
1.1,2.6,0.2,75.0,1993.7084576254244,22.34875480833237
1.1,2.6,0.2,97.5,1767.777389517591,25.31972576173101
1.1,2.6,0.2,120.0,1437.5766054188273,31.34165674766336
1.1,2.6,0.3,30.0,3003.829671745605,15.098497040208787
1.1,2.6,0.3,52.5,3109.2635631532858,14.541045444366222
1.1,2.6,0.3,75.0,2849.413973180703,15.948437689055572
1.1,2.6,0.3,97.5,2397.716608293602,19.122079353676774
1.1,2.6,0.3,120.0,1799.7634968315492,25.77368697638078
1.1,2.6,0.4,30.0,4146.144924362166,11.086117595647748
1.1,2.6,0.4,52.5,4074.6393324519277,11.28903798453455
1.1,2.6,0.4,75.0,3623.70523047742,12.805618158913653
1.1,2.6,0.4,97.5,2906.430503441578,16.187569782205802
1.1,2.6,0.4,120.0,2032.6767439830255,23.532364037945076
1.1,2.6,0.5,30.0,5246.164210312013,8.886393694408055
1.1,2.6,0.5,52.5,4996.055881050515,9.372654584239369
1.1,2.6,0.5,75.0,4325.894351681681,10.96390450205029
1.1,2.6,0.5,97.5,3318.2730377254256,14.566009873585779
1.1,2.6,0.5,120.0,2176.3340823259587,22.681021346615953
1.1,3.4,0.1,30.0,802.5414685149251,55.24919619557323
1.1,3.4,0.1,52.5,1019.1441811817925,43.26923270144681
1.1,3.4,0.1,75.0,1021.5262210827492,43.15618601053504
1.1,3.4,0.1,97.5,930.8342540368049,47.44799155194555
1.1,3.4,0.1,120.0,785.0388084564843,56.42654332164368
1.1,3.4,0.2,30.0,1983.6232718656424,22.79816519838247
1.1,3.4,0.2,52.5,2074.6501868249607,21.74147642195202
1.1,3.4,0.2,75.0,1898.6566485881915,23.83938200813684
1.1,3.4,0.2,97.5,1584.5720450107983,28.7426795415484
1.1,3.4,0.2,120.0,1157.2501933567942,39.6878994982418
1.1,3.4,0.3,30.0,3127.211797031975,14.75524939341968
1.1,3.4,0.3,52.5,3028.833305173587,15.257843231922848
1.1,3.4,0.3,75.0,2647.051539543444,17.588057939915203
1.1,3.4,0.3,97.5,2040.476990499065,23.08354177982444
1.1,3.4,0.3,120.0,1310.4802744031101,36.443308090904615
1.1,3.4,0.4,30.0,4206.277717513964,11.204445603016358
1.1,3.4,0.4,52.5,3920.4567124052564,12.084894845709613
1.1,3.4,0.4,75.0,3286.665095389584,14.588651906636976
1.1,3.4,0.4,97.5,2351.9159391619232,20.744016330513347
1.1,3.4,0.4,120.0,1341.132030543389,37.05714198843137
1.1,3.4,0.5,30.0,5236.713661844391,9.197425481800106
1.1,3.4,0.5,52.5,4757.779332356258,10.213194020709476
1.1,3.4,0.5,75.0,3832.520643136627,12.89591577080477
1.1,3.4,0.5,97.5,2556.0246966261534,19.78530851255323
1.1,3.4,0.5,120.0,1302.1006992310317,39.70655936199538
1.1,4.2,0.1,30.0,882.1863609902123,50.513164549443424
1.1,4.2,0.1,52.5,1039.7066184356577,42.688325249508736
1.1,4.2,0.1,75.0,998.1773518510533,44.497224695493024
1.1,4.2,0.1,97.5,879.9841288078344,50.59430975247845
1.1,4.2,0.1,120.0,700.7931597585655,63.76068876659296
1.1,4.2,0.2,30.0,2060.1554771843153,22.21039733243464
1.1,4.2,0.2,52.5,2040.0954562465395,22.42860667505395
1.1,4.2,0.2,75.0,1806.086375618254,25.450954316520775
1.1,4.2,0.2,97.5,1418.4824832269153,32.65094702585908
1.1,4.2,0.2,120.0,927.9135512970112,50.388378630120734
1.1,4.2,0.3,30.0,3154.6564411167255,14.910452743792488
1.1,4.2,0.3,52.5,2940.8513578920256,16.057727315012322
1.1,4.2,0.3,75.0,2456.7835651382807,19.398742353545565
1.1,4.2,0.3,97.5,1732.6332772827402,27.882085240918425
1.1,4.2,0.3,120.0,945.7318504846082,51.831032179191986
1.1,4.2,0.4,30.0,4180.8703149678995,11.57342322814117
1.1,4.2,0.4,52.5,3767.6968077855818,12.940790231821746
1.1,4.2,0.4,75.0,2977.7294796237816,16.612361362516623
1.1,4.2,0.4,97.5,1896.3050327275498,26.598995984371467
1.1,4.2,0.4,120.0,871.0376126215463,58.96910011171975
1.1,4.2,0.5,30.0,5162.9417821088,9.641675173604389
1.1,4.2,0.5,52.5,4527.1470708433135,11.122060310921379
1.1,4.2,0.5,75.0,3391.0096006116437,15.149708275748837
1.1,4.2,0.5,97.5,1957.808425883657,26.898698667714385
1.1,4.2,0.5,120.0,760.2844377920568,70.68819933191853
1.1,5.0,0.1,30.0,939.1479551524666,47.71256235358837
1.1,5.0,0.1,52.5,1042.9282690576026,42.84866067972162
1.1,5.0,0.1,75.0,973.5466759918676,45.964444070935365
1.1,5.0,0.1,97.5,831.5062174632737,53.9696028131756
1.1,5.0,0.1,120.0,625.0073582998398,72.09761945686907
1.1,5.0,0.2,30.0,2093.215199429075,22.137438271661967
1.1,5.0,0.2,52.5,2000.7735894283105,23.1971810137466
1.1,5.0,0.2,75.0,1717.292879351008,27.17479761998116
1.1,5.0,0.2,97.5,1268.7471270546353,37.099705942627736
1.1,5.0,0.2,120.0,741.6289792925135,64.10846538287393
1.1,5.0,0.3,30.0,3144.1184102347383,15.258179543371542
1.1,5.0,0.3,52.5,2853.7207194379034,16.901697163151958
1.1,5.0,0.3,75.0,2279.0550578139046,21.390142485809307
1.1,5.0,0.3,97.5,1468.7815650886346,33.686445288888336
1.1,5.0,0.3,120.0,677.7217102503737,74.05881328324165
1.1,5.0,0.4,30.0,4131.73665047173,12.021805422770745
1.1,5.0,0.4,52.5,3619.5095735275972,13.850381226780756
1.1,5.0,0.4,75.0,2696.0412681782373,18.90247142536201
1.1,5.0,0.4,97.5,1524.4134998018262,34.122211816275424
1.1,5.0,0.4,120.0,558.9494274064148,94.61982962460532
1.1,5.0,0.5,30.0,5076.963343055106,10.125729768257253
1.1,5.0,0.5,52.5,4306.1506680971,12.099357855115459
1.1,5.0,0.5,75.0,2997.220334422028,17.776036657358755
1.1,5.0,0.5,97.5,1492.5641955062479,36.60400759468656
1.1,5.0,0.5,120.0,436.1337937212837,127.45612548762213
1.4,1.0,0.1,30.0,314.9676394515488,109.39087726117779
1.4,1.0,0.1,52.5,504.36929165856293,67.89840854521442
1.4,1.0,0.1,75.0,645.0218464332925,52.85126593891039
1.4,1.0,0.1,97.5,724.3204905297584,46.94274514633541
1.4,1.0,0.1,120.0,761.6804714274832,44.58415655775529
1.4,1.0,0.2,30.0,920.5241455486532,37.777429905344746
1.4,1.0,0.2,52.5,1263.9687277883381,27.21244350784391
1.4,1.0,0.2,75.0,1454.531529885138,23.501258054129384
1.4,1.0,0.2,97.5,1538.5569754728801,22.15555164559978
1.4,1.0,0.2,120.0,1567.3490442712937,21.726321429971286
1.4,1.0,0.3,30.0,1631.2899941870562,21.442780275900805
1.4,1.0,0.3,52.5,2067.388085833253,16.686033272402174
1.4,1.0,0.3,75.0,2273.855523647798,15.06898216251102
1.4,1.0,0.3,97.5,2350.7104083282534,14.538190272312772
1.4,1.0,0.3,120.0,2368.5917187610457,14.418328088397777
1.4,1.0,0.4,30.0,2390.3257348777724,14.696870848576813
1.4,1.0,0.4,52.5,2884.5109897852476,11.988761372992021
1.4,1.0,0.4,75.0,3093.6668134297843,11.101703388810474
1.4,1.0,0.4,97.5,3160.419503060467,10.841897081404168
1.4,1.0,0.4,120.0,3167.154061000826,10.814923647208166
1.4,1.0,0.5,30.0,3175.5802876091943,11.100989986919659
1.4,1.0,0.5,52.5,3707.297853852514,9.349204171822986
1.4,1.0,0.5,75.0,3912.7605039484392,8.798313559523914
1.4,1.0,0.5,97.5,3967.9678936281316,8.658605217898973
1.4,1.0,0.5,120.0,3964.0335460135766,8.666903156775536
1.4,1.8,0.1,30.0,488.7084975669997,70.60889719446182
1.4,1.8,0.1,52.5,704.7970225967271,48.621291819210406
1.4,1.8,0.1,75.0,802.8293124180516,42.545632596832334
1.4,1.8,0.1,97.5,799.675782661377,42.70939113653386
1.4,1.8,0.1,120.0,747.7011107512919,45.73985614331364
1.4,1.8,0.2,30.0,1323.437556775497,26.308970243176425
1.4,1.8,0.2,52.5,1601.2910671954803,21.549368520617744
1.4,1.8,0.2,75.0,1614.435702454885,21.356891938520445
1.4,1.8,0.2,97.5,1502.74399555498,23.01026376360865
1.4,1.8,0.2,120.0,1328.5776346057676,26.14430305285552
1.4,1.8,0.3,30.0,2225.6904105650074,15.74953572416036
1.4,1.8,0.3,52.5,2456.5982212771423,14.16044424674111
1.4,1.8,0.3,75.0,2357.1838766767023,14.792282042366004
1.4,1.8,0.3,97.5,2122.0735778011513,16.53057712263474
1.4,1.8,0.3,120.0,1800.5206641203033,19.643010061868438
1.4,1.8,0.4,30.0,3133.485560900044,11.259431425222683
1.4,1.8,0.4,52.5,3270.1616618082726,10.735889043388898
1.4,1.8,0.4,75.0,3053.8671428209113,11.558837528037255
1.4,1.8,0.4,97.5,2675.809265501172,13.31881713007745
1.4,1.8,0.4,120.0,2197.637094796136,16.412118101691657
1.4,1.8,0.5,30.0,4028.5253119062495,8.817483733779639
1.4,1.8,0.5,52.5,4052.2189464987814,8.750869526290362
1.4,1.8,0.5,75.0,3712.065854008848,9.634766811779722
1.4,1.8,0.5,97.5,3175.9508117934683,11.412741532875287
1.4,1.8,0.5,120.0,2541.142170135018,14.488133841383599
1.4,2.6,0.1,30.0,609.7664025657239,56.77177786330163
1.4,2.6,0.1,52.5,789.0283924879285,43.62035069532825
1.4,2.6,0.1,75.0,808.8782444364979,42.51480933568285
1.4,2.6,0.1,97.5,750.1152777077194,45.91478192072942
1.4,2.6,0.1,120.0,651.7958861440192,52.97603639296562
1.4,2.6,0.2,30.0,1525.9446155950511,22.989809480524944
1.4,2.6,0.2,52.5,1637.2612151687797,21.345055044261507
1.4,2.6,0.2,75.0,1525.556187658746,22.9723812685364
1.4,2.6,0.2,97.5,1313.8028587555104,26.819680895764904
1.4,2.6,0.2,120.0,1021.3658851539412,34.75581433039225
1.4,2.6,0.3,30.0,2433.3858186729854,14.609841370839069
1.4,2.6,0.3,52.5,2409.30134030452,14.75645166184509
1.4,2.6,0.3,75.0,2153.629464091928,16.61487408818956
1.4,2.6,0.3,97.5,1742.0154714122164,20.752963592093487
1.4,2.6,0.3,120.0,1233.2182219076617,29.686069963166656
1.4,2.6,0.4,30.0,3299.234567282484,10.931110085237094
1.4,2.6,0.4,52.5,3134.8675857736134,11.548006891605834
1.4,2.6,0.4,75.0,2707.9430897371594,13.51034049456663
1.4,2.6,0.4,97.5,2069.0809867333332,17.959294525698457
1.4,2.6,0.4,120.0,1349.5218118206978,28.014893175549332
1.4,2.6,0.5,30.0,4128.701492041479,8.868228234985462
1.4,2.6,0.5,52.5,3823.048650714093,9.647825072221245
1.4,2.6,0.5,75.0,3198.280317718029,11.70807875241963
1.4,2.6,0.5,97.5,2318.863091009777,16.489175817514298
1.4,2.6,0.5,120.0,1404.3051216819927,27.8142327057223
1.4,3.4,0.1,30.0,691.7314543082927,50.26625073659344
1.4,3.4,0.1,52.5,815.9745013368463,42.44003754343524
1.4,3.4,0.1,75.0,787.3461163483136,44.010911428678995
1.4,3.4,0.1,97.5,699.2606104305944,49.6679464731931
1.4,3.4,0.1,120.0,565.8932348755228,61.58502775283022
1.4,3.4,0.2,30.0,1614.8499152344045,21.96400533798913
1.4,3.4,0.2,52.5,1607.725741569138,22.055740647506994
1.4,3.4,0.2,75.0,1433.0957249426206,24.852736461229455
1.4,3.4,0.2,97.5,1144.5013369393878,31.346025425928318
1.4,3.4,0.2,120.0,778.1199393943509,46.528857657291624
1.4,3.4,0.3,30.0,2478.176853087961,14.618632349144669
1.4,3.4,0.3,52.5,2322.8618149312188,15.653795512405676
1.4,3.4,0.3,75.0,1961.779204879532,18.70046726970897
1.4,3.4,0.3,97.5,1422.4873156371152,26.130893853715566
1.4,3.4,0.3,120.0,828.4213838264532,45.515255821344596
1.4,3.4,0.4,30.0,3289.5311435440453,11.259734071055604
1.4,3.4,0.4,52.5,2982.6181229710705,12.510370361805156
1.4,3.4,0.4,75.0,2394.038474580799,15.807077792986217
1.4,3.4,0.4,97.5,1586.7603062131225,24.306580392592146
1.4,3.4,0.4,120.0,800.2574753764956,49.081279457825595
1.4,3.4,0.5,30.0,4066.5959030073645,9.315986135358244
1.4,3.4,0.5,52.5,3592.2540389352616,10.664834922927968
1.4,3.4,0.5,75.0,2746.0019717697705,14.228535630167933
1.4,3.4,0.5,97.5,1672.1934356852767,23.943262254659203
1.4,3.4,0.5,120.0,734.9132317293268,55.63003849234192
1.4,4.2,0.1,30.0,745.9371154509159,46.85972901772519
1.4,4.2,0.1,52.5,819.1923618120684,42.56419540243627
1.4,4.2,0.1,75.0,763.0508411523266,45.76025968614693
1.4,4.2,0.1,97.5,651.1443297893401,53.77898739803278
1.4,4.2,0.1,120.0,490.37561850073746,71.7048093654839
1.4,4.2,0.2,30.0,1646.8245951610752,21.810672170874263
1.4,4.2,0.2,52.5,1568.8316766069051,22.93553310962357
1.4,4.2,0.2,75.0,1344.9443047200164,26.903146288844276
1.4,4.2,0.2,97.5,995.2852071776776,36.670325248353116
1.4,4.2,0.2,120.0,589.0410888541771,62.581634699241484
1.4,4.2,0.3,30.0,2468.201172814713,14.975958207088693
1.4,4.2,0.3,52.5,2236.346068870504,16.62126142903961
1.4,4.2,0.3,75.0,1785.1373327457645,21.049641144019503
1.4,4.2,0.3,97.5,1157.664515910736,32.94634770854222
1.4,4.2,0.3,120.0,548.4918073464424,70.53893906037351
1.4,4.2,0.4,30.0,3241.3823328425324,11.74073890206654
1.4,4.2,0.4,52.5,2835.4869524108763,13.550162252248233
1.4,4.2,0.4,75.0,2113.577596202126,18.485412385738076
1.4,4.2,0.4,97.5,1209.7313590387841,32.96916704295614
1.4,4.2,0.4,120.0,462.73986398166,87.64741850935089
1.4,4.2,0.5,30.0,3981.6991825182413,9.839859304932693
1.4,4.2,0.5,52.5,3372.741252252979,11.77896649017745
1.4,4.2,0.5,75.0,2353.3813189623907,17.270546338943383
1.4,4.2,0.5,97.5,1194.4066877513865,34.90253574907816
1.4,4.2,0.5,120.0,370.250125388073,114.60383462271754
1.4,5.0,0.1,30.0,780.6759798101237,45.03715117168027
1.4,5.0,0.1,52.5,813.588049765714,43.16213900249596
1.4,5.0,0.1,75.0,738.9618777247028,47.611206754500536
1.4,5.0,0.1,97.5,606.014977574945,58.2531193869985
1.4,5.0,0.1,120.0,424.36408410964407,83.57338049168904
1.4,5.0,0.2,30.0,1652.3308708563575,22.027749859055916
1.4,5.0,0.2,52.5,1529.4066882275938,23.868790228831777
1.4,5.0,0.2,75.0,1261.6524906626848,29.12511356365785
1.4,5.0,0.2,97.5,864.4668098052923,42.91992092113354
1.4,5.0,0.2,120.0,443.6251322819755,84.49038475961166
1.4,5.0,0.3,30.0,2441.9992775277587,15.445362984896436
1.4,5.0,0.3,52.5,2152.3031176168474,17.64527254931784
1.4,5.0,0.3,75.0,1623.3760639758611,23.68736453712445
1.4,5.0,0.3,97.5,939.6315338360955,41.57886472183912
1.4,5.0,0.3,120.0,359.1546974732671,110.23835097361982
1.4,5.0,0.4,30.0,3186.0905547400944,12.266150855311748
1.4,5.0,0.4,52.5,2694.6529789612637,14.667315830414672
1.4,5.0,0.4,75.0,1864.1996350099216,21.601827556073662
1.4,5.0,0.4,97.5,917.8158201578523,44.80474547915723
1.4,5.0,0.4,120.0,262.7287371141431,158.77272827584295
1.4,5.0,0.5,30.0,3894.9077155457553,10.392188913705633
1.4,5.0,0.5,52.5,3165.4001572983284,12.994599016535814
1.4,5.0,0.5,75.0,2013.7074017058742,20.941010909279125
1.4,5.0,0.5,97.5,846.8797750932251,51.03524059521488
1.4,5.0,0.5,120.0,181.76222471170144,241.09393506606924
1.7,1.0,0.1,30.0,291.8562960244063,97.09791169057338
1.7,1.0,0.1,52.5,447.4102451854998,62.95594917798739
1.7,1.0,0.1,75.0,553.5774939546503,50.66947073844507
1.7,1.0,0.1,97.5,609.4812658489685,45.91897428502194
1.7,1.0,0.1,120.0,633.9990772393091,44.09854307267511
1.7,1.0,0.2,30.0,825.2459234663208,34.61304748830676
1.7,1.0,0.2,52.5,1088.7625243398982,25.967920662411032
1.7,1.0,0.2,75.0,1224.461523506166,22.96618237011986
1.7,1.0,0.2,97.5,1279.742316862731,21.924429739398064
1.7,1.0,0.2,120.0,1296.1423197598974,21.631167203313495
1.7,1.0,0.3,30.0,1434.4604408470034,20.011808972258283
1.7,1.0,0.3,52.5,1757.7131558851822,16.127566597197255
1.7,1.0,0.3,75.0,1899.706549681236,14.837761399907636
1.7,1.0,0.3,97.5,1947.458996813381,14.444842925482508
1.7,1.0,0.3,120.0,1954.6824560484197,14.38573996428316
1.7,1.0,0.4,30.0,2077.1221464869977,13.870592745626654
1.7,1.0,0.4,52.5,2434.5246267965067,11.670974051032879
1.7,1.0,0.4,75.0,2574.317320778975,10.975283747414862
1.7,1.0,0.4,97.5,2612.8833935079056,10.795047530440119
1.7,1.0,0.4,120.0,2611.2466447895868,10.80109058276948
1.7,1.0,0.5,30.0,2736.1223663008586,10.561458863229937
1.7,1.0,0.5,52.5,3113.637088379815,9.145590800449916
1.7,1.0,0.5,75.0,3247.6761264337088,8.720531578808226
1.7,1.0,0.5,97.5,3276.6749211554516,8.631745177120566
1.7,1.0,0.5,120.0,3266.6279068388035,8.660454743120471
1.7,1.8,0.1,30.0,444.1695401836749,63.875856517694395
1.7,1.8,0.1,52.5,609.1196674667542,46.27806188618054
1.7,1.8,0.1,75.0,667.8396193602213,42.10724807643964
1.7,1.8,0.1,97.5,650.3888911008769,43.256556218314884
1.7,1.8,0.1,120.0,599.3963970146104,47.012520556581784
1.7,1.8,0.2,30.0,1157.5716402260136,24.70598276585568
1.7,1.8,0.2,52.5,1338.4851623178513,21.21360809583544
1.7,1.8,0.2,75.0,1315.2328291665667,21.59842661753378
1.7,1.8,0.2,97.5,1205.2417926816054,23.651199982348587
1.7,1.8,0.2,120.0,1045.6426642499523,27.398068782004685
1.7,1.8,0.3,30.0,1905.7034622961983,15.10541419602123
1.7,1.8,0.3,52.5,2023.5664689142243,14.155137437688044
1.7,1.8,0.3,75.0,1905.5227787924327,15.086080193527332
1.7,1.8,0.3,97.5,1685.158235765452,17.176258515919372
1.7,1.8,0.3,120.0,1399.0433298734242,20.872496908323207
1.7,1.8,0.4,30.0,2646.1844444994285,10.951930007395715
1.7,1.8,0.4,52.5,2673.5407006028026,10.820219878613747
1.7,1.8,0.4,75.0,2455.2398168974914,11.861774480999458
1.7,1.8,0.4,97.5,2107.4488202965263,13.96750653038977
1.7,1.8,0.4,120.0,1691.9407937806814,17.61819418824318
1.7,1.8,0.5,30.0,3369.292398409604,8.664380642419049
1.7,1.8,0.5,52.5,3298.2750107543266,8.864257468984498
1.7,1.8,0.5,75.0,2970.03723313084,9.943154679269309
1.7,1.8,0.5,97.5,2484.0662531336225,12.064079431657749
1.7,1.8,0.5,120.0,1943.2859821527395,15.671298094166936
1.7,2.6,0.1,30.0,543.0904608404662,52.409919983902945
1.7,2.6,0.1,52.5,664.3485319080435,42.63908931823125
1.7,2.6,0.1,75.0,658.9525740513848,42.9874042617215
1.7,2.6,0.1,97.5,599.9159322221933,47.30574997199592
1.7,2.6,0.1,120.0,507.99757937317673,56.02771619091365
1.7,2.6,0.2,30.0,1301.8688807122833,22.15249898918749
1.7,2.6,0.2,52.5,1339.459891258437,21.491514136012185
1.7,2.6,0.2,75.0,1223.8007629996557,23.607056294410324
1.7,2.6,0.2,97.5,1025.1704031686756,28.354994680879848
1.7,2.6,0.2,120.0,764.3141722083668,38.33905274666847
1.7,2.6,0.3,30.0,2030.9393686911649,14.400029302892612
1.7,2.6,0.3,52.5,1953.3035152671641,15.003414154000135
1.7,2.6,0.3,75.0,1707.5629762193444,17.291934759057696
1.7,2.6,0.3,97.5,1330.7775985588316,22.4421882753119
1.7,2.6,0.3,120.0,892.8222789515883,33.891993113254735
1.7,2.6,0.4,30.0,2720.992146954836,10.911994213041938
1.7,2.6,0.4,52.5,2527.571184902116,11.814332524086586
1.7,2.6,0.4,75.0,2124.0052923668436,14.229878475131425
1.7,2.6,0.4,97.5,1551.192854679817,19.816462461520153
1.7,2.6,0.4,120.0,949.0615503988245,32.9602466743366
1.7,2.6,0.5,30.0,3382.141654772988,8.919263064524296
1.7,2.6,0.5,52.5,3067.319206055639,9.926591012407398
1.7,2.6,0.5,75.0,2483.4179458812478,12.471887822865733
1.7,2.6,0.5,97.5,1709.1383157061464,18.529276793688783
1.7,2.6,0.5,120.0,961.9767296416469,33.6206830026364
1.7,3.4,0.1,30.0,604.850302363114,47.2773036800142
1.7,3.4,0.1,52.5,674.9474863872429,42.246856440658775
1.7,3.4,0.1,75.0,635.379747176941,44.931310404938394
1.7,3.4,0.1,97.5,550.9774505906976,51.95168689458507
1.7,3.4,0.1,120.0,428.56665205653997,67.0470508362174
1.7,3.4,0.2,30.0,1351.4230498356615,21.595126446825518
1.7,3.4,0.2,52.5,1303.1076017009334,22.423817121916404
1.7,3.4,0.2,75.0,1134.406710837828,25.89216850368792
1.7,3.4,0.2,97.5,868.3988272881852,34.09866287547293
1.7,3.4,0.2,120.0,551.5646536250503,54.202772059142475
1.7,3.4,0.3,30.0,2037.5939317101663,14.642023178441837
1.7,3.4,0.3,52.5,1867.0515858844344,16.06067018247126
1.7,3.4,0.3,75.0,1525.7101920807197,19.854975991763368
1.7,3.4,0.3,97.5,1043.5381391314736,29.444491366509432
1.7,3.4,0.3,120.0,553.5215437944349,56.308562463652976
1.7,3.4,0.4,30.0,2683.8556628166652,11.373333230658861
1.7,3.4,0.4,52.5,2379.18348826118,12.944864322822472
1.7,3.4,0.4,75.0,1831.2223942374064,17.08739715292941
1.7,3.4,0.4,97.5,1128.4601308755596,28.289081572283756
1.7,3.4,0.4,120.0,505.63719358114497,64.24541572221294
1.7,3.4,0.5,30.0,3303.459212691911,9.456575621888632
1.7,3.4,0.5,52.5,2844.4484237962874,11.127807705891493
1.7,3.4,0.5,75.0,2067.6230180556913,15.646442942910342
1.7,3.4,0.5,97.5,1154.5289524827315,28.73287911522247
1.7,3.4,0.5,120.0,439.67528909671927,76.91626467309233
1.7,4.2,0.1,30.0,641.6755483580366,44.81298170099574
1.7,4.2,0.1,52.5,670.702950587396,42.817533596085894
1.7,4.2,0.1,75.0,611.4028225615953,47.05696469837787
1.7,4.2,0.1,97.5,505.4686330165813,57.10719343411355
1.7,4.2,0.1,120.0,360.6367039544464,80.40240794974696
1.7,4.2,0.2,30.0,1360.849362486622,21.73099200314173
1.7,4.2,0.2,52.5,1264.0000175987693,23.46310052130455
1.7,4.2,0.2,75.0,1050.5394164159036,28.41325188321807
1.7,4.2,0.2,97.5,733.8911131406256,41.06042507288996
1.7,4.2,0.2,120.0,394.2514961620682,77.20923904356127
1.7,4.2,0.3,30.0,2013.8932210259816,15.123248049380088
1.7,4.2,0.3,52.5,1782.9475353346352,17.19856745270152
1.7,4.2,0.3,75.0,1361.5197269880468,22.800266691280346
1.7,4.2,0.3,97.5,814.3267795518831,38.72570131066586
1.7,4.2,0.3,120.0,336.0197830648773,95.13395407770763
1.7,4.2,0.4,30.0,2629.833384253714,11.93071025258677
1.7,4.2,0.4,52.5,2237.7581060351827,14.178755223586364
1.7,4.2,0.4,75.0,1575.9237580137892,20.510990974038304
1.7,4.2,0.4,97.5,813.5444112064931,40.575896501442486
1.7,4.2,0.4,120.0,259.8517613796485,128.9591747800447
1.7,4.2,0.5,30.0,3217.3085102208715,10.045936721006637
1.7,4.2,0.5,52.5,2635.592939534293,12.461853889177148
1.7,4.2,0.5,75.0,1717.2467950500736,19.60725229954616
1.7,4.2,0.5,97.5,769.0531820992803,44.892620487839885
1.7,4.2,0.5,120.0,190.55839700247262,183.91995890692363
1.7,5.0,0.1,30.0,662.7197217088703,43.657068294277096
1.7,5.0,0.1,52.5,661.9893356382422,43.695838611634194
1.7,5.0,0.1,75.0,588.0082839696751,49.30641672468936
1.7,5.0,0.1,97.5,463.430996153241,62.80219601227509
1.7,5.0,0.1,120.0,302.91298101094196,96.55862548501946
1.7,5.0,0.2,30.0,1354.876617937019,22.125945879272145
1.7,5.0,0.2,52.5,1225.4083901238514,24.55807284097387
1.7,5.0,0.2,75.0,972.3795512629567,31.182398275439844
1.7,5.0,0.2,97.5,619.1461325127823,49.48562339640017
1.7,5.0,0.2,120.0,279.71688803538626,110.62936092884144
1.7,5.0,0.3,30.0,1983.5572149240622,15.671841307555995
1.7,5.0,0.3,52.5,1702.0256756914882,18.412967847305744
1.7,5.0,0.3,75.0,1213.9986500397836,26.176441114094054
1.7,5.0,0.3,97.5,632.8746417179152,51.03920353648549
1.7,5.0,0.3,120.0,200.81917913448603,162.7908903491377
1.7,5.0,0.4,30.0,2574.205509010718,12.519993013776867
1.7,5.0,0.4,52.5,2103.9316467060753,15.519627439786337
1.7,5.0,0.4,75.0,1354.4074023507583,24.60590276959915
1.7,5.0,0.4,97.5,582.4576605082717,58.41128916661636
1.7,5.0,0.4,120.0,130.26596462992066,264.31087668269095
1.7,5.0,0.5,30.0,3132.0505645663598,10.664465978315363
1.7,5.0,0.5,52.5,2440.9612594809696,13.938574150030425
1.7,5.0,0.5,75.0,1422.6963172398848,24.55882138690567
1.7,5.0,0.5,97.5,506.8330700545824,70.56699111188257
1.7,5.0,0.5,120.0,79.8397646323637,452.8032573877171
2.0,1.0,0.1,30.0,272.0089179336401,88.45851207532672
2.0,1.0,0.1,52.5,401.93052206889047,59.50827433528451
2.0,1.0,0.1,75.0,484.65943414041305,49.161063520079324
2.0,1.0,0.1,97.5,525.8922992317412,45.2182425384394
2.0,1.0,0.1,120.0,542.7403670642097,43.77828771831564
2.0,1.0,0.2,30.0,747.7347382720153,32.402715973542286
2.0,1.0,0.2,52.5,956.1274202933098,25.09913045714515
2.0,1.0,0.2,75.0,1056.7324157487506,22.60282244632006
2.0,1.0,0.2,97.5,1095.1189085594308,21.769819349440827
2.0,1.0,0.2,120.0,1104.6033351036997,21.57161517219968
2.0,1.0,0.3,30.0,1280.2093872727444,19.00704571830755
2.0,1.0,0.3,52.5,1528.4094267473615,15.740067598871374
2.0,1.0,0.3,75.0,1630.6057861173624,14.682464467477848
2.0,1.0,0.3,97.5,1661.7359671484442,14.384740834712062
2.0,1.0,0.3,120.0,1663.531697039612,14.366503757670314
2.0,1.0,0.4,30.0,1835.695800434453,13.298368777523502
2.0,1.0,0.4,52.5,2105.062186126539,11.453998481837603
2.0,1.0,0.4,75.0,2203.440091880045,10.891294267591444
2.0,1.0,0.4,97.5,2226.4669221117374,10.765363113782998
2.0,1.0,0.4,120.0,2220.9348264109126,10.793645755572355
2.0,1.0,0.5,30.0,2403.0937082559135,10.185697311076138
2.0,1.0,0.5,52.5,2683.1888156238556,9.005553062775606
2.0,1.0,0.5,75.0,2775.09210462159,8.668699469391164
2.0,1.0,0.5,97.5,2789.8629445905003,8.615222022540694
2.0,1.0,0.5,120.0,2777.507275719994,8.657344946982324
2.0,1.8,0.1,30.0,406.6503034237459,59.2249768708899
2.0,1.8,0.1,52.5,534.9989101538024,44.750091434188136
2.0,1.8,0.1,75.0,569.2866132444066,41.98267129709881
2.0,1.8,0.1,97.5,545.4891401411725,43.850590980238636
2.0,1.8,0.1,120.0,496.3763637087636,48.277916010217034
2.0,1.8,0.2,30.0,1026.8406085762244,23.6273113321875
2.0,1.8,0.2,52.5,1145.254285658142,21.065547045043537
2.0,1.8,0.2,75.0,1104.527525119038,21.871596819132513
2.0,1.8,0.2,97.5,998.5844702220535,24.28719344320063
2.0,1.8,0.2,120.0,851.764098664544,28.62829328718691
2.0,1.8,0.3,30.0,1661.537305965649,14.69820496240732
2.0,1.8,0.3,52.5,1713.2523846772488,14.213878164093826
2.0,1.8,0.3,75.0,1590.3515755158514,15.38097850290041
2.0,1.8,0.3,97.5,1383.630000154616,17.813132431815298
2.0,1.8,0.3,120.0,1127.267583960553,22.06836535251564
2.0,1.8,0.4,30.0,2282.0146524128127,10.778144157181897
2.0,1.8,0.4,52.5,2251.9052547269453,10.927173498498888
2.0,1.8,0.4,75.0,2038.8997887146593,12.162507272015377
2.0,1.8,0.4,97.5,1717.720982240969,14.604562064791455
2.0,1.8,0.4,120.0,1353.1572626800228,18.781299244404092
2.0,1.8,0.5,30.0,2884.331548124377,8.59424689171684
2.0,1.8,0.5,52.5,2769.0530363972707,8.985745881634351
2.0,1.8,0.5,75.0,2455.366936151073,10.248546336102287
2.0,1.8,0.5,97.5,2012.5672907938656,12.701016831074881
2.0,1.8,0.5,120.0,1546.219281179982,16.802766494461046
2.0,2.6,0.1,30.0,488.4150598021116,49.47467905772668
2.0,2.6,0.1,52.5,570.8632729765027,42.165450353913485
2.0,2.6,0.1,75.0,553.048879345784,43.54749762218947
2.0,2.6,0.1,97.5,495.4403524152182,48.715353607621104
2.0,2.6,0.1,120.0,409.32525828342796,59.15304890499499
2.0,2.6,0.2,30.0,1130.032046479035,21.669333143814395
2.0,2.6,0.2,52.5,1128.070370062868,21.698997286227907
2.0,2.6,0.2,75.0,1013.6497803989965,24.249651392111836
2.0,2.6,0.2,97.5,826.9693560612952,29.926519829449106
2.0,2.6,0.2,120.0,592.8344767146073,42.1007557367881
2.0,2.6,0.3,30.0,1734.3676030787506,14.326760080936365
2.0,2.6,0.3,52.5,1634.1768729735868,15.257663533105513
2.0,2.6,0.3,75.0,1398.5533740982623,17.979665319348364
2.0,2.6,0.3,97.5,1052.2713642369088,24.19212675131361
2.0,2.6,0.3,120.0,671.4550118903878,38.42316015033001
2.0,2.6,0.4,30.0,2304.8736997701258,10.951995606397231
2.0,2.6,0.4,52.5,2103.9046262571724,12.083417981669234
2.0,2.6,0.4,75.0,1721.7924843631342,14.964548413789087
2.0,2.6,0.4,97.5,1205.3028992830928,21.762319942037546
2.0,2.6,0.4,120.0,694.7267328682004,38.41818695546426
2.0,2.6,0.5,30.0,2852.3355115533113,8.996339690966622
2.0,2.6,0.5,52.5,2541.0678211029385,10.208424476397528
2.0,2.6,0.5,75.0,1993.988113308768,13.255900453060898
2.0,2.6,0.5,97.5,1307.401568008896,20.68964179313462
2.0,2.6,0.5,120.0,686.8932778572623,40.194092113782176
2.0,3.4,0.1,30.0,535.0478100717983,45.38476374597428
2.0,3.4,0.1,52.5,572.4367615362178,42.34123389141752
2.0,3.4,0.1,75.0,529.214665238294,45.87158307514946
2.0,3.4,0.1,97.5,448.40902269351335,54.299686861268206
2.0,3.4,0.1,120.0,335.7032296690391,72.83134118724551
2.0,3.4,0.2,30.0,1155.6773236439071,21.457136139613947
2.0,3.4,0.2,52.5,1089.815433336928,22.80527548141002
2.0,3.4,0.2,75.0,927.3617879661508,26.957716682947737
2.0,3.4,0.2,97.5,681.4617288826709,37.00946958964728
2.0,3.4,0.2,120.0,405.42139577642337,62.821212168547866
2.0,3.4,0.3,30.0,1722.1272912738254,14.73012046607197
2.0,3.4,0.3,52.5,1549.2512113257865,16.473839492978065
2.0,3.4,0.3,75.0,1226.0695757323242,21.053162342644065
2.0,3.4,0.3,97.5,792.942249423612,33.0442787499505
2.0,3.4,0.3,120.0,384.2357516855607,69.15205807610626
2.0,3.4,0.4,30.0,2256.8132808859555,11.506240441762735
2.0,3.4,0.4,52.5,1959.5785690301643,13.388023185468517
2.0,3.4,0.4,75.0,1448.210910226373,18.432846999630918
2.0,3.4,0.4,97.5,832.0369835345185,32.75005512332449
2.0,3.4,0.4,120.0,332.248576579114,83.37218894060915
2.0,3.4,0.5,30.0,2768.679854684376,9.603405222477805
2.0,3.4,0.5,52.5,2326.015521945253,11.602302615804865
2.0,3.4,0.5,75.0,1610.6234830091773,17.15514027934174
2.0,3.4,0.5,97.5,827.4041965325689,34.246707780590896
2.0,3.4,0.5,120.0,273.6608448304271,105.37102514305245
2.0,4.2,0.1,30.0,560.0831477696973,43.610552125146754
2.0,4.2,0.1,52.5,564.8543179280928,43.22294091712731
2.0,4.2,0.1,75.0,505.72343467810435,48.38156652029555
2.0,4.2,0.1,97.5,405.3452427799232,60.585022997367176
2.0,4.2,0.1,120.0,274.39990308645065,89.92567139871007
2.0,4.2,0.2,30.0,1153.6565967793242,21.79010484324289
2.0,4.2,0.2,52.5,1051.22060117976,24.000280940409475
2.0,4.2,0.2,75.0,847.5546066115679,29.98352163581273
2.0,4.2,0.2,97.5,559.8228803131094,45.85630836772111
2.0,4.2,0.2,120.0,273.62266543914325,94.7633357156671
2.0,4.2,0.3,30.0,1693.3744442371903,15.297540528906577
2.0,4.2,0.3,52.5,1467.5746775747848,17.789638541482343
2.0,4.2,0.3,75.0,1073.2231933986752,24.656744817146944
2.0,4.2,0.3,97.5,593.2918037008778,45.330514829468505
2.0,4.2,0.3,120.0,213.66328019778706,127.47578281524912
2.0,4.2,0.4,30.0,2201.6345344226997,12.127231051614455
2.0,4.2,0.4,52.5,1823.6716585260947,14.827157310920821
2.0,4.2,0.4,75.0,1215.222115600654,22.701280170240814
2.0,4.2,0.4,97.5,567.3003336455987,49.657721864920376
2.0,4.2,0.4,120.0,151.4632968560808,188.47140894207052
2.0,4.2,0.5,30.0,2683.389266671818,10.255287177969723
2.0,4.2,0.5,52.5,2127.2318290818007,13.171762858879186
2.0,4.2,0.5,75.0,1296.69022667949,22.18471158854716
2.0,4.2,0.5,97.5,513.7663757024757,57.365471133017955
2.0,4.2,0.5,120.0,101.74829424468379,293.3203936296311
2.0,5.0,0.1,30.0,572.3187891143712,42.95173262501363
2.0,5.0,0.1,52.5,555.2627719706398,44.29228719835133
2.0,5.0,0.1,75.0,483.049070437307,51.048126291824204
2.0,5.0,0.1,97.5,366.14654352368774,67.63352654248352
2.0,5.0,0.1,120.0,223.71578721607983,111.26601200720117
2.0,5.0,0.2,30.0,1142.9056341817923,22.301604516743065
2.0,5.0,0.2,52.5,1013.5534358296933,25.26243895454528
2.0,5.0,0.2,75.0,774.1542740329301,33.352594613502966
2.0,5.0,0.2,97.5,458.83529985915595,56.89139357878998
2.0,5.0,0.2,120.0,182.8148945121893,144.1502427458384
2.0,5.0,0.3,30.0,1662.0674743096176,15.910676374389608
2.0,5.0,0.3,52.5,1389.690100928165,19.205530886849626
2.0,5.0,0.3,75.0,938.4223174782971,28.873540869748346
2.0,5.0,0.3,97.5,441.50779942584023,62.384452319457736
2.0,5.0,0.3,120.0,116.40573572308408,239.1368453037302
2.0,5.0,0.4,30.0,2146.7480717471567,12.778333317425092
2.0,5.0,0.4,52.5,1696.4652701884547,16.408855360185573
2.0,5.0,0.4,75.0,1017.899091681525,27.947330784263265
2.0,5.0,0.4,97.5,383.11650973741484,75.74696621553439
2.0,5.0,0.4,120.0,66.91359419045405,437.963912495394
2.0,5.0,0.5,30.0,2599.8798468667087,10.941862221439445
2.0,5.0,0.5,52.5,1944.3847267516642,14.933956667430152
2.0,5.0,0.5,75.0,1040.3899608449656,28.692132188623745
2.0,5.0,0.5,97.5,314.4696802627884,97.00764469476556
2.0,5.0,0.5,120.0,36.30414180512048,847.2174912257042
